generation,molecule_rank,smiles,score,mean_score,max_score,min_score,std_score,total_oracle_calls,is_offspring,parent_info,explanation
0,1,O=C(CCn1nnc2cc(-c3noc(Cc4ccc(Cl)cc4)n3)ccc21)N1CCCC1,0.0,0.016583333333333335,0.19,0.0,0.024065737516690035,120,,,
0,2,O=C1N[C@@H](c2ccccc2F)c2c1oc1ccccc1c2=O,0.01,0.016583333333333335,0.19,0.0,0.024065737516690035,120,,,
0,3,Cc1nonc1CC(=O)N1CCC[C@H](C(=O)Nc2ccc(-c3ccn[nH]3)cc2)C1,0.06,0.016583333333333335,0.19,0.0,0.024065737516690035,120,,,
0,4,CS(=O)(=O)N[C@H]1CCN(c2ccc(Cl)c(F)c2)C1=O,0.01,0.016583333333333335,0.19,0.0,0.024065737516690035,120,,,
0,5,C[C@H]([NH2+][C@H]1CCOC1)c1ccnc(Cl)c1,0.03,0.016583333333333335,0.19,0.0,0.024065737516690035,120,,,
0,6,CCC(C)(C)NC(=O)c1ccc(NC(=O)N[C@@H](C)[C@H]2CCCO2)cc1,0.01,0.016583333333333335,0.19,0.0,0.024065737516690035,120,,,
0,7,CSCC[C@H](NC(=O)N[C@@H]1CCCCC1(C)C)C(=O)[O-],0.01,0.016583333333333335,0.19,0.0,0.024065737516690035,120,,,
0,8,COc1cc(-c2noc(C3C[C@@H](C)O[C@@H](C)C3)n2)ccn1,0.03,0.016583333333333335,0.19,0.0,0.024065737516690035,120,,,
0,9,CCS(=O)(=O)c1ccc(C(=O)Nc2cc(C)nn2-c2nc3c(Cl)cccc3s2)cc1,0.0,0.016583333333333335,0.19,0.0,0.024065737516690035,120,,,
0,10,CCCCO[C@@H]1C[C@H](NC(=O)c2occc2Br)C1(C)C,0.02,0.016583333333333335,0.19,0.0,0.024065737516690035,120,,,
0,11,CC(C)C(=O)Nc1nc2ccc(CCC(=O)NCc3ccccc3Cl)cc2s1,0.01,0.016583333333333335,0.19,0.0,0.024065737516690035,120,,,
0,12,NC(=O)c1cccc(CNC(=O)CSc2nc3ccccc3o2)c1,0.02,0.016583333333333335,0.19,0.0,0.024065737516690035,120,,,
0,13,O=C(N1CCOCC1)C12C[C@H]3C[C@@H](C1)CC(c1ccc([N+](=O)[O-])cc1)(C3)C2,0.07,0.016583333333333335,0.19,0.0,0.024065737516690035,120,,,
0,14,Cc1nn(-c2ccccc2)c(C)c1NC(=O)CN1CCc2cc(F)ccc2C1,0.01,0.016583333333333335,0.19,0.0,0.024065737516690035,120,,,
0,15,CC[NH2+][C@@H](C)[C@@H]1CCCC(C)(C)CC1,0.0,0.016583333333333335,0.19,0.0,0.024065737516690035,120,,,
0,16,C/C=C/C(=O)NCC(=O)Nc1cccc(C)c1C,0.0,0.016583333333333335,0.19,0.0,0.024065737516690035,120,,,
0,17,COc1ccc(CNC(=O)c2cc(OC)c(OC)cc2[N+](=O)[O-])cn1,0.05,0.016583333333333335,0.19,0.0,0.024065737516690035,120,,,
0,18,CC(C)OCCS(=O)(=O)N1CC(N2CC[NH2+]CC2)C1,0.0,0.016583333333333335,0.19,0.0,0.024065737516690035,120,,,
0,19,COc1ccc(C[C@H](C)C[NH+](C)Cc2cn3cccnc3n2)cc1,0.01,0.016583333333333335,0.19,0.0,0.024065737516690035,120,,,
0,20,COc1ccc(CNC(=O)Nc2ccc(CC(N)=O)cc2)cc1OC,0.0,0.016583333333333335,0.19,0.0,0.024065737516690035,120,,,
0,21,CCC[C@@H](C(=O)N1CCN(CC(=O)Nc2c(C)cccc2C)CC1)c1ccccc1,0.02,0.016583333333333335,0.19,0.0,0.024065737516690035,120,,,
0,22,Cc1nc2ccc(NC(=O)N3CCC[C@@H](C)CC3)cc2o1,0.0,0.016583333333333335,0.19,0.0,0.024065737516690035,120,,,
0,23,COc1cc(C)c(CN2CCN(C(=O)c3ccc(N4CCCCC4)c([N+](=O)[O-])c3)CC2)cc1OC,0.03,0.016583333333333335,0.19,0.0,0.024065737516690035,120,,,
0,24,CCN(Cc1ccc(OC)cc1)C(=O)[C@H](C)Cc1ccccc1F,0.0,0.016583333333333335,0.19,0.0,0.024065737516690035,120,,,
0,25,CCc1nsc(NCC(=O)NC(C)(C)C)n1,0.01,0.016583333333333335,0.19,0.0,0.024065737516690035,120,,,
0,26,Cc1ccc2nc(N3CCC(C(=O)NCC(C)(C)CO)CC3)nc(C)c2c1,0.03,0.016583333333333335,0.19,0.0,0.024065737516690035,120,,,
0,27,COc1ccc(Oc2ccc(Cl)nn2)cc1,0.0,0.016583333333333335,0.19,0.0,0.024065737516690035,120,,,
0,28,O=C(NCc1ccccc1)c1cccc(S(=O)(=O)N2CCCCCC2)c1,0.0,0.016583333333333335,0.19,0.0,0.024065737516690035,120,,,
0,29,COc1ccc([C@H](NC(=O)c2ccc3nccnc3c2)C2CCOCC2)cc1,0.02,0.016583333333333335,0.19,0.0,0.024065737516690035,120,,,
0,30,CCc1ccc(C(=O)OCC(=O)C2=c3ccccc3=[NH+]C2)cc1,0.0,0.016583333333333335,0.19,0.0,0.024065737516690035,120,,,
0,31,Cc1ccc(C(=O)CCC(=O)NCc2ccncc2)cc1,0.0,0.016583333333333335,0.19,0.0,0.024065737516690035,120,,,
0,32,COc1cc(-c2ccccc2)sc1C(=O)NC[C@@H](O)C(C)(C)C,0.02,0.016583333333333335,0.19,0.0,0.024065737516690035,120,,,
0,33,C[C@@H]1COCCN1Cc1ccc(C(=O)NN)cn1,0.03,0.016583333333333335,0.19,0.0,0.024065737516690035,120,,,
0,34,CC(C)CN1CCO[C@@H](CNC(=O)c2ccc3[nH]nnc3c2)C1,0.0,0.016583333333333335,0.19,0.0,0.024065737516690035,120,,,
0,35,CCC(=O)Nc1ccc(C)c(NC(=O)C[C@@H]2CCCO2)c1,0.0,0.016583333333333335,0.19,0.0,0.024065737516690035,120,,,
0,36,CS[C@@H](C)c1cccc(NC(=O)c2cn(C)nc2-c2ccccc2)c1,0.05,0.016583333333333335,0.19,0.0,0.024065737516690035,120,,,
0,37,Cc1ccccc1C(=O)Nc1ccc2c(N3CCCC3)ncnc2c1,0.19,0.016583333333333335,0.19,0.0,0.024065737516690035,120,,,
0,38,Cc1ccc(NC(=O)CN2C(=O)S/C(=C/c3c(F)cccc3Cl)C2=O)cc1,0.04,0.016583333333333335,0.19,0.0,0.024065737516690035,120,,,
0,39,CCCN(C)c1nccn2c(=O)n(CC(=O)Nc3cccc(SC)c3)nc12,0.01,0.016583333333333335,0.19,0.0,0.024065737516690035,120,,,
0,40,O=C(Nc1ccc(-c2nnc3n2CCCCC3)cc1)c1ccccc1C(F)(F)F,0.01,0.016583333333333335,0.19,0.0,0.024065737516690035,120,,,
0,41,CC(C)c1cccc(C(C)C)c1NC(=O)CCN1C(=O)[C@H]2CC[C@@](C)(C1=O)C2(C)C,0.01,0.016583333333333335,0.19,0.0,0.024065737516690035,120,,,
0,42,C[C@H](SCCN1C(=O)NC(C)(C)C1=O)C(=O)NC1CCCCC1,0.0,0.016583333333333335,0.19,0.0,0.024065737516690035,120,,,
0,43,CC[C@@H](C)[C@H](C)[NH+](Cc1ccccc1NC(C)=O)C1CC1,0.0,0.016583333333333335,0.19,0.0,0.024065737516690035,120,,,
0,44,Cc1nn(C)cc1CNC(=O)c1ccc(Cn2cc(Cl)c([N+](=O)[O-])n2)cc1,0.05,0.016583333333333335,0.19,0.0,0.024065737516690035,120,,,
0,45,Cc1cccc(CN(C(=O)c2cccc(N3CCNC3=O)c2)C(C)C)c1,0.01,0.016583333333333335,0.19,0.0,0.024065737516690035,120,,,
0,46,O=C(NCCC(F)(F)F)N1CCOc2ccccc2C1,0.0,0.016583333333333335,0.19,0.0,0.024065737516690035,120,,,
0,47,COc1ccc(C(=O)N2C[C@@H](C)[NH2+]C[C@H]2C)cc1O,0.01,0.016583333333333335,0.19,0.0,0.024065737516690035,120,,,
0,48,Cc1nn(C)cc1CN1C[C@H](CO)OC[C@@H]1C,0.02,0.016583333333333335,0.19,0.0,0.024065737516690035,120,,,
0,49,CC(=O)Nc1ccc(NCc2ccccc2F)c(C(F)(F)F)c1,0.08,0.016583333333333335,0.19,0.0,0.024065737516690035,120,,,
0,50,CCC(=O)Oc1ccc2cc(C(=O)NCCc3ccccc3)c(=O)oc2c1,0.0,0.016583333333333335,0.19,0.0,0.024065737516690035,120,,,
0,51,CCc1ccccc1NC(=O)CN(C)c1cnn(C)c(=O)c1Cl,0.0,0.016583333333333335,0.19,0.0,0.024065737516690035,120,,,
0,52,C[C@@](O)(CNC(=O)N[C@@H](c1ccccc1)C1CCCC1)CN1CCOCC1,0.0,0.016583333333333335,0.19,0.0,0.024065737516690035,120,,,
0,53,[NH3+]C[C@H](CO)Cc1cc(F)cc(Br)c1,0.03,0.016583333333333335,0.19,0.0,0.024065737516690035,120,,,
0,54,Cc1cc(NC(=O)Nc2cccc(Cl)c2)ncc1Br,0.02,0.016583333333333335,0.19,0.0,0.024065737516690035,120,,,
0,55,CCOC(=O)c1ccc(NS(=O)(=O)c2ccc3c(c2)N(C(C)=O)CCO3)cc1,0.0,0.016583333333333335,0.19,0.0,0.024065737516690035,120,,,
0,56,COc1ccc(C[C@H](C)CNC(=O)Cc2c(C)noc2C)cc1,0.0,0.016583333333333335,0.19,0.0,0.024065737516690035,120,,,
0,57,O=C(NC(=S)Nc1c(O)ccc2ccccc12)c1cccc(F)c1,0.01,0.016583333333333335,0.19,0.0,0.024065737516690035,120,,,
0,58,CCSC[C@@H](C)N(C)C(=O)NCc1ccc(C)cc1N(C)C,0.02,0.016583333333333335,0.19,0.0,0.024065737516690035,120,,,
0,59,C=C(C)CN(C)C(=O)CN1CC2=C(C1=O)[C@@H](c1ccc(Cl)cc1Cl)NC(=O)N2CC,0.02,0.016583333333333335,0.19,0.0,0.024065737516690035,120,,,
0,60,CC(=O)Nc1ccc(NC(=O)CCc2cnn(-c3ccccc3)c2)cc1,0.01,0.016583333333333335,0.19,0.0,0.024065737516690035,120,,,
0,61,COc1ccc2c(c1)C[C@@H](C(=O)Nc1ccc(C(C)=O)c(C)c1)CO2,0.02,0.016583333333333335,0.19,0.0,0.024065737516690035,120,,,
0,62,C#CCN(CC(=O)[O-])C(=O)c1nc(CC)n[n-]1,0.0,0.016583333333333335,0.19,0.0,0.024065737516690035,120,,,
0,63,COc1cccc(/C=C2\SC(=S)N=C2[O-])c1OCc1ccc(Cl)cc1Cl,0.0,0.016583333333333335,0.19,0.0,0.024065737516690035,120,,,
0,64,C[C@@H](CO)CSC[C@@H]([NH3+])c1ccc2c(c1)OCCCO2,0.03,0.016583333333333335,0.19,0.0,0.024065737516690035,120,,,
0,65,O=C(Cc1ccc(Br)cc1)N/N=C/c1ccccc1O,0.0,0.016583333333333335,0.19,0.0,0.024065737516690035,120,,,
0,66,COc1cc(F)c(NC(=O)C=C2CN(C(=O)OC(C)(C)C)C2)cc1F,0.01,0.016583333333333335,0.19,0.0,0.024065737516690035,120,,,
0,67,Cc1ccc(CCC(=O)Nc2cc(S(C)(=O)=O)ccc2Cl)cc1,0.0,0.016583333333333335,0.19,0.0,0.024065737516690035,120,,,
0,68,COc1ccc(C[NH+]2CCC(CNC(=O)c3c[nH]nc3-c3ccc(Cl)cc3)CC2)cc1,0.05,0.016583333333333335,0.19,0.0,0.024065737516690035,120,,,
0,69,Fc1ccc2oc(C[NH2+]C[C@@H]3CN4CCCC[C@@H]4CO3)cc2c1,0.06,0.016583333333333335,0.19,0.0,0.024065737516690035,120,,,
0,70,Cc1ccc(-c2ncco2)cc1NC(=O)c1nc(Cl)ccc1Cl,0.03,0.016583333333333335,0.19,0.0,0.024065737516690035,120,,,
0,71,Cc1cccc(C)c1C[NH2+]CC(C)(C)C(N)=O,0.0,0.016583333333333335,0.19,0.0,0.024065737516690035,120,,,
0,72,C[C@H](NC(=O)CSc1nc2ccccc2c(=O)n1C[C@H]1CCCO1)c1ccc(F)cc1,0.0,0.016583333333333335,0.19,0.0,0.024065737516690035,120,,,
0,73,O=C(Nc1ccc2c(c1)CCO2)N1CCC[C@H]1c1nc2ccccc2[nH]1,0.03,0.016583333333333335,0.19,0.0,0.024065737516690035,120,,,
0,74,C[C@@H](Nc1ccc([N-]S(C)(=O)=O)cc1)C(=O)Nc1ccc2c(c1)OCO2,0.01,0.016583333333333335,0.19,0.0,0.024065737516690035,120,,,
0,75,Cc1[nH+]ccn1Cc1nnc([C@@H]2CCC[NH+](Cc3cccnc3)C2)n1C,0.02,0.016583333333333335,0.19,0.0,0.024065737516690035,120,,,
0,76,CC[C@H](OC(=O)c1cccc(C(F)(F)F)c1)C(=O)Nc1cc(C)on1,0.0,0.016583333333333335,0.19,0.0,0.024065737516690035,120,,,
0,77,CCOc1ccc(-n2c(N)c(C(=O)OC(C)(C)C)c3nc4ccccc4nc32)cc1,0.0,0.016583333333333335,0.19,0.0,0.024065737516690035,120,,,
0,78,C[C@H](NC(=O)NCc1cccc2cccnc12)c1cnn(C)c1,0.04,0.016583333333333335,0.19,0.0,0.024065737516690035,120,,,
0,79,COC[C@H](C)NC(=O)c1ccc(C(=O)OC)cc1,0.0,0.016583333333333335,0.19,0.0,0.024065737516690035,120,,,
0,80,CCC[C@@H]1C[C@@H](Nc2cc(OC)ccc2F)CCO1,0.01,0.016583333333333335,0.19,0.0,0.024065737516690035,120,,,
0,81,CC(=O)c1ccc(N[C@H]2CC(=O)N(CC(F)(F)F)C2)c([N+](=O)[O-])c1,0.04,0.016583333333333335,0.19,0.0,0.024065737516690035,120,,,
0,82,O=C(NCc1ccc(COCC(F)(F)F)cc1)c1cc(=O)c2ccccc2o1,0.0,0.016583333333333335,0.19,0.0,0.024065737516690035,120,,,
0,83,Cc1ccc(S(=O)(=O)CCC(=O)Oc2ccc(Cl)cc2Cl)cc1,0.01,0.016583333333333335,0.19,0.0,0.024065737516690035,120,,,
0,84,CCN(CC(=O)Nc1cccc(OC)c1)C(=O)c1ccc(F)cc1Br,0.01,0.016583333333333335,0.19,0.0,0.024065737516690035,120,,,
0,85,CCC1(CNC(=O)C(=O)Nc2ccc(OC)nc2Br)CC1,0.0,0.016583333333333335,0.19,0.0,0.024065737516690035,120,,,
0,86,CN(C(=O)N1CCCC1)C1CCC([NH3+])CC1,0.0,0.016583333333333335,0.19,0.0,0.024065737516690035,120,,,
0,87,C[C@@H](NC(=O)N[C@H]1C[C@@H]1c1cccc(Cl)c1)c1nnc2ccccn12,0.0,0.016583333333333335,0.19,0.0,0.024065737516690035,120,,,
0,88,COc1ccc([C@@H]2CC(=O)C3=C(C2)N[C@@H]2N=NC(O)=C2[C@H]3c2ccc(Cl)c(Cl)c2)cc1OC,0.02,0.016583333333333335,0.19,0.0,0.024065737516690035,120,,,
0,89,COC(=O)[C@@H]1CCCN(C(=O)NC2CCC([NH+]3CCCCC3)CC2)C1,0.01,0.016583333333333335,0.19,0.0,0.024065737516690035,120,,,
0,90,O=C(C[NH+]1CCN(c2ccc(C(F)(F)F)cn2)CC1)N1CCC[C@H]1c1ccc2c(c1)OCCO2,0.01,0.016583333333333335,0.19,0.0,0.024065737516690035,120,,,
0,91,CC(C)C[C@H]1C[NH2+]CC[C@@H]1c1cccc2c1OC(C)(C)C2,0.01,0.016583333333333335,0.19,0.0,0.024065737516690035,120,,,
0,92,Cc1noc(CC[NH2+][C@@H](C)CC(=O)Nc2ccc(Br)cc2)n1,0.0,0.016583333333333335,0.19,0.0,0.024065737516690035,120,,,
0,93,Cc1ccc([C@H](C)NC(=O)N[C@H]2CC(=O)N(C3CC3)C2)cc1[N+](=O)[O-],0.06,0.016583333333333335,0.19,0.0,0.024065737516690035,120,,,
0,94,CCOC(=O)N1CCN(C(=O)COc2ccc(S(=O)(=O)N3CCCCC3)cc2)CC1,0.0,0.016583333333333335,0.19,0.0,0.024065737516690035,120,,,
0,95,C[C@H]1Cc2cc([C@@H](Cl)C3(C)CCCC3)ccc2O1,0.02,0.016583333333333335,0.19,0.0,0.024065737516690035,120,,,
0,96,Cc1cccc(C[NH+]2CCC[C@@]3(CC[NH+](Cc4cnn(C(C)C)c4)C3)C2)c1,0.01,0.016583333333333335,0.19,0.0,0.024065737516690035,120,,,
0,97,C[NH+]1CCC(NC(=O)Nc2ncc(Cc3cccc(Cl)c3)s2)CC1,0.02,0.016583333333333335,0.19,0.0,0.024065737516690035,120,,,
0,98,CC[S@](=O)[C@@H]1CCCC[C@@H]1NC(=O)N[C@@H]1CCC[C@H](C(F)(F)F)C1,0.0,0.016583333333333335,0.19,0.0,0.024065737516690035,120,,,
0,99,N#CCSC1[NH+]=c2ccccc2=[NH+]1,0.0,0.016583333333333335,0.19,0.0,0.024065737516690035,120,,,
0,100,O=C(NCC1CCN(C(=O)c2ccccn2)CC1)C(=O)NC1CCCC1,0.02,0.016583333333333335,0.19,0.0,0.024065737516690035,120,,,
0,101,COc1ccc(N2CCN(C(=O)[C@@H](NC(N)=O)C(C)C)CC2)cc1,0.0,0.016583333333333335,0.19,0.0,0.024065737516690035,120,,,
0,102,C[C@H](Cc1ccsc1)[NH+](C)Cc1cnc(N2CC[NH+](C)CC2)nc1,0.02,0.016583333333333335,0.19,0.0,0.024065737516690035,120,,,
0,103,COc1ccc(NC(=O)C[NH+]2CCCN(Cc3cccc(Cl)c3)S2(=O)=O)cc1,0.02,0.016583333333333335,0.19,0.0,0.024065737516690035,120,,,
0,104,Cc1nn(C)c(C)c1NC(=O)CS[C@H]1CCCc2ccccc21,0.01,0.016583333333333335,0.19,0.0,0.024065737516690035,120,,,
0,105,Cn1nc(C2CCC2)cc1NC(=O)N[C@H](C(N)=O)C(C)(C)C,0.0,0.016583333333333335,0.19,0.0,0.024065737516690035,120,,,
0,106,COc1nc(N[C@@H]2C[NH+]3CCC2CC3)ccc1N,0.06,0.016583333333333335,0.19,0.0,0.024065737516690035,120,,,
0,107,OCc1ccc(OCCC2OCCCO2)cc1,0.0,0.016583333333333335,0.19,0.0,0.024065737516690035,120,,,
0,108,Cc1ccc(S(=O)(=O)/N=C([O-])/C=C/c2cccs2)cc1C,0.0,0.016583333333333335,0.19,0.0,0.024065737516690035,120,,,
0,109,Cc1cnc(C[NH+](C)CCCc2cc(-c3ccc(F)cc3)[nH]n2)o1,0.04,0.016583333333333335,0.19,0.0,0.024065737516690035,120,,,
0,110,COc1ccc(S(=O)(=O)N(C)CC(=O)NC2CCCCC2)cc1C,0.0,0.016583333333333335,0.19,0.0,0.024065737516690035,120,,,
0,111,C[C@H](Oc1ccc(Cl)c(Cl)c1)C(=O)NC[C@H]1CCC[C@@H]1O,0.0,0.016583333333333335,0.19,0.0,0.024065737516690035,120,,,
0,112,CC1(C)CN(CCOc2ccc(S(C)(=O)=O)cc2)CC[S@@]1=O,0.01,0.016583333333333335,0.19,0.0,0.024065737516690035,120,,,
0,113,N#CCc1ccc2[nH]ccc2n1,0.03,0.016583333333333335,0.19,0.0,0.024065737516690035,120,,,
0,114,O=C(NC[C@H]1CCC[NH+](Cc2cc(O)ccc2[N+](=O)[O-])C1)c1ccccc1,0.05,0.016583333333333335,0.19,0.0,0.024065737516690035,120,,,
0,115,CCC(CC)C(=O)N1CCC(NC(=O)Nc2cc(Cl)ccc2N2CCOCC2)CC1,0.0,0.016583333333333335,0.19,0.0,0.024065737516690035,120,,,
0,116,CCOC(=O)[C@@H]1CCCN(C(=O)c2oc3ccccc3c2C)C1,0.0,0.016583333333333335,0.19,0.0,0.024065737516690035,120,,,
0,117,CC(=O)N[C@H](C)c1ccc(-c2csc(NC(=O)[C@@H](C)Oc3cc(C)ccc3Cl)n2)cc1,0.04,0.016583333333333335,0.19,0.0,0.024065737516690035,120,,,
0,118,O=C(NCc1ccc(N2CCC(O)CC2)c(F)c1)c1ccn(-c2ccc(F)cc2)n1,0.01,0.016583333333333335,0.19,0.0,0.024065737516690035,120,,,
0,119,CC(C)n1ccc(CCNCc2cnc(-c3ccsc3)s2)n1,0.04,0.016583333333333335,0.19,0.0,0.024065737516690035,120,,,
0,120,Cc1cc(/C=C(\C#N)C(=O)Nc2ccccc2)c(C)n1-c1ccc(I)cc1,0.01,0.016583333333333335,0.19,0.0,0.024065737516690035,120,,,
1,1,CC1=CC=CC=C1C(=O)NC1=CC=C2C(=C1)N=CN=C2N1CCCC1,0.19,0.03341666666666668,0.19,0.01,0.0326214610681714,185,False,,
1,2,CC1=C([C@H]([NH3+])CSC[C@@H](C)CO)CC=C1C(=O)NC1=CC=C2C(=C1)N=CN=C2N1CCCC1,0.17,0.03341666666666668,0.19,0.01,0.0326214610681714,185,False,,"Fallback to genetic operations due to LLM error: Error code: 400 - {'error': {'message': ""Unsupported parameter: 'temperature' is not supported with this model."", 'type': 'invalid_request_error', 'param': 'temperature', 'code': 'unsupported_parameter'}}"
1,3,CC1=CC=CC=C1C(=O)NC1=CC=C2C(=C1)N=CN=C2N1C=C(C)C([N+](=O)[O-])=C1,0.17,0.03341666666666668,0.19,0.01,0.0326214610681714,185,False,,"Fallback to genetic operations due to LLM error: Error code: 400 - {'error': {'message': ""Unsupported parameter: 'temperature' is not supported with this model."", 'type': 'invalid_request_error', 'param': 'temperature', 'code': 'unsupported_parameter'}}"
1,4,CONC1=CC=C2C(=C1)N=CN=C2N1CCCC1,0.14,0.03341666666666668,0.19,0.01,0.0326214610681714,185,False,,"Fallback to genetic operations due to LLM error: Error code: 400 - {'error': {'message': ""Unsupported parameter: 'temperature' is not supported with this model."", 'type': 'invalid_request_error', 'param': 'temperature', 'code': 'unsupported_parameter'}}"
1,5,CC(C)N1C=CC(C2=CC=C3C(=C2)N=CN=C3N2CCCC2)=N1,0.11,0.03341666666666668,0.19,0.01,0.0326214610681714,185,False,,"Fallback to genetic operations due to LLM error: Error code: 400 - {'error': {'message': ""Unsupported parameter: 'temperature' is not supported with this model."", 'type': 'invalid_request_error', 'param': 'temperature', 'code': 'unsupported_parameter'}}"
1,6,CC(=O)NC1=CC=C(NCC2=CC=CC=C2F)C(C2=CC(C)=C(Br)C=N2)=C1,0.11,0.03341666666666668,0.19,0.01,0.0326214610681714,185,False,,"Fallback to genetic operations due to LLM error: Error code: 400 - {'error': {'message': ""Unsupported parameter: 'temperature' is not supported with this model."", 'type': 'invalid_request_error', 'param': 'temperature', 'code': 'unsupported_parameter'}}"
1,7,CC(=O)NC1=CC=C(NCC2=C(C)CC=C2F)C(C(F)(F)F)=C1,0.09,0.03341666666666668,0.19,0.01,0.0326214610681714,185,False,,"Fallback to genetic operations due to LLM error: Error code: 400 - {'error': {'message': ""Unsupported parameter: 'temperature' is not supported with this model."", 'type': 'invalid_request_error', 'param': 'temperature', 'code': 'unsupported_parameter'}}"
1,8,CC(=O)NC1=CC=C(NCC2=CC=CC=C2F)C(C(F)(F)F)=C1,0.08,0.03341666666666668,0.19,0.01,0.0326214610681714,185,False,,
1,9,CC(C)(C)OC(=O)N1CC(=CC(=O)NC2=CCN3C[C@@H](C[NH2+]CC4=CC5=CC(F)=CC=C5O4)OC[C@@H]23)C1,0.08,0.03341666666666668,0.19,0.01,0.0326214610681714,185,False,,"Fallback to genetic operations due to LLM error: Error code: 400 - {'error': {'message': ""Unsupported parameter: 'temperature' is not supported with this model."", 'type': 'invalid_request_error', 'param': 'temperature', 'code': 'unsupported_parameter'}}"
1,10,O=C(N1CCOCC1)C12C[C@H]3C[C@@H](C1)CC(C1=CC=C([N+](=O)[O-])C=C1)(C3)C2,0.07,0.03341666666666668,0.19,0.01,0.0326214610681714,185,False,,
1,11,O=[N+]([O-])C1=CC=C(O)C=C1C[NH+]1CC=CCC1,0.07,0.03341666666666668,0.19,0.01,0.0326214610681714,185,False,,"Fallback to genetic operations due to LLM error: Error code: 400 - {'error': {'message': ""Unsupported parameter: 'temperature' is not supported with this model."", 'type': 'invalid_request_error', 'param': 'temperature', 'code': 'unsupported_parameter'}}"
1,12,CC1=NON=C1CC(=O)N1CCC[C@H](C(=O)NC2=CC=C(C3=CC=NN3)C=C2)C1,0.06,0.03341666666666668,0.19,0.01,0.0326214610681714,185,False,,
1,13,FC1=CC=C2OC(C[NH2+]C[C@@H]3CN4CCCC[C@@H]4CO3)=CC2=C1,0.06,0.03341666666666668,0.19,0.01,0.0326214610681714,185,False,,
1,14,CC1=CC=C([C@H](C)NC(=O)N[C@H]2CC(=O)N(C3CC3)C2)C=C1[N+](=O)[O-],0.06,0.03341666666666668,0.19,0.01,0.0326214610681714,185,False,,"Fallback to genetic operations due to LLM error: Error code: 400 - {'error': {'message': ""Unsupported parameter: 'temperature' is not supported with this model."", 'type': 'invalid_request_error', 'param': 'temperature', 'code': 'unsupported_parameter'}}"
1,15,COC1=NC(N[C@@H]2C[NH+]3CCC2CC3)=CC=C1N,0.06,0.03341666666666668,0.19,0.01,0.0326214610681714,185,False,,
1,16,CC(C)(C)[C@H](O)CNC1=CC(C[C@H](C[NH3+])CO)=CC(Br)=C1,0.06,0.03341666666666668,0.19,0.01,0.0326214610681714,185,False,,"Fallback to genetic operations due to LLM error: Error code: 400 - {'error': {'message': ""Unsupported parameter: 'temperature' is not supported with this model."", 'type': 'invalid_request_error', 'param': 'temperature', 'code': 'unsupported_parameter'}}"
1,17,O=C1C[C@H](NC2=NC=COC2[N+](=O)[O-])CN1CC(F)(F)F,0.06,0.03341666666666668,0.19,0.01,0.0326214610681714,185,False,,"Fallback to genetic operations due to LLM error: Error code: 400 - {'error': {'message': ""Unsupported parameter: 'temperature' is not supported with this model."", 'type': 'invalid_request_error', 'param': 'temperature', 'code': 'unsupported_parameter'}}"
1,18,COC1=CC=C(CNC(=O)C2=CC(OC)=C(OC)C=C2[N+](=O)[O-])C=N1,0.05,0.03341666666666668,0.19,0.01,0.0326214610681714,185,False,,"Fallback to genetic operations due to LLM error: Error code: 400 - {'error': {'message': ""Unsupported parameter: 'temperature' is not supported with this model."", 'type': 'invalid_request_error', 'param': 'temperature', 'code': 'unsupported_parameter'}}"
1,19,CS[C@@H](C)C1=CC=CC(NC(=O)C2=CN(C)N=C2C2=CC=CC=C2)=C1,0.05,0.03341666666666668,0.19,0.01,0.0326214610681714,185,False,,
1,20,CC1=NN(C)C=C1CNC(=O)C1=CC=C(CN2C=C(Cl)C([N+](=O)[O-])=N2)C=C1,0.05,0.03341666666666668,0.19,0.01,0.0326214610681714,185,False,,
1,21,COc1ccc(C[NH+]2CCC(CNC(=O)c3c[nH]nc3-c3ccc(Cl)cc3)CC2)cc1,0.05,0.03341666666666668,0.19,0.01,0.0326214610681714,185,False,,
1,22,O=C(NC[C@H]1CCC[NH+](CC2=CC(O)=CC=C2[N+](=O)[O-])C1)C1=CC=CC=C1,0.05,0.03341666666666668,0.19,0.01,0.0326214610681714,185,False,,
1,23,COC1=NC=CC(C2=NOC(C3=CCO[C@H](C)C3)=N2)=C1,0.05,0.03341666666666668,0.19,0.01,0.0326214610681714,185,False,,"Fallback to genetic operations due to LLM error: Error code: 400 - {'error': {'message': ""Unsupported parameter: 'temperature' is not supported with this model."", 'type': 'invalid_request_error', 'param': 'temperature', 'code': 'unsupported_parameter'}}"
1,24,O=[N+]([O-])C1=CC=C(O)C=C1C[NH+]1C=CC=CC1,0.05,0.03341666666666668,0.19,0.01,0.0326214610681714,185,False,,"Fallback to genetic operations due to LLM error: Error code: 400 - {'error': {'message': ""Unsupported parameter: 'temperature' is not supported with this model."", 'type': 'invalid_request_error', 'param': 'temperature', 'code': 'unsupported_parameter'}}"
1,25,C[C@H](CC1=CSC=C1)[NH+](C)CC1=CN=C(N2CC[NH+]([N+](=O)[O-])CC2)N=C1,0.05,0.03341666666666668,0.19,0.01,0.0326214610681714,185,False,,"Fallback to genetic operations due to LLM error: Error code: 400 - {'error': {'message': ""Unsupported parameter: 'temperature' is not supported with this model."", 'type': 'invalid_request_error', 'param': 'temperature', 'code': 'unsupported_parameter'}}"
1,26,CC1=CC=C(NC(=O)CN2C(=O)S/C(=C/C3=C(F)C=CC=C3Cl)C2=O)C=C1,0.04,0.03341666666666668,0.19,0.01,0.0326214610681714,185,False,,
1,27,C[C@H](NC(=O)NCC1=CC=CC2=CC=CN=C21)C1=CN(C)N=C1,0.04,0.03341666666666668,0.19,0.01,0.0326214610681714,185,False,,
1,28,CC(=O)C1=CC=C(N[C@H]2CC(=O)N(CC(F)(F)F)C2)C([N+](=O)[O-])=C1,0.04,0.03341666666666668,0.19,0.01,0.0326214610681714,185,False,,
1,29,CC1=CN=C(C[NH+](C)CCCC2=NNC(C3=CC=C(F)C=C3)=C2)O1,0.04,0.03341666666666668,0.19,0.01,0.0326214610681714,185,False,,"Fallback to genetic operations due to LLM error: Error code: 400 - {'error': {'message': ""Unsupported parameter: 'temperature' is not supported with this model."", 'type': 'invalid_request_error', 'param': 'temperature', 'code': 'unsupported_parameter'}}"
1,30,CC(=O)N[C@H](C)C1=CC=C(C2=CSC(NC(=O)[C@@H](C)OC3=CC(C)=CC=C3Cl)=N2)C=C1,0.04,0.03341666666666668,0.19,0.01,0.0326214610681714,185,False,,
1,31,CC(C)N1C=CC(CCNCC2=CN=C(C3=CSC=C3)S2)=N1,0.04,0.03341666666666668,0.19,0.01,0.0326214610681714,185,False,,
1,32,CC1=CC=C([N+](=O)[O-])C=C1,0.04,0.03341666666666668,0.19,0.01,0.0326214610681714,185,False,,"Fallback to genetic operations due to LLM error: Error code: 400 - {'error': {'message': ""Unsupported parameter: 'temperature' is not supported with this model."", 'type': 'invalid_request_error', 'param': 'temperature', 'code': 'unsupported_parameter'}}"
1,33,CC(=O)N[C@H](C)C1=CC=C(C2=CSC(NC(=O)[C@@H](C)OC3=C(Cl)C=CC(C)=C3)=N2)C=C1,0.04,0.03341666666666668,0.19,0.01,0.0326214610681714,185,False,,"Fallback to genetic operations due to LLM error: Error code: 400 - {'error': {'message': ""Unsupported parameter: 'temperature' is not supported with this model."", 'type': 'invalid_request_error', 'param': 'temperature', 'code': 'unsupported_parameter'}}"
1,34,CS[C@@H](C)C1=CC(NC(=O)C2=CN(C[C@H](C[NH3+])CO)N=C2C2=CC=CC=C2)=CC=C1,0.04,0.03341666666666668,0.19,0.01,0.0326214610681714,185,False,,"Fallback to genetic operations due to LLM error: Error code: 400 - {'error': {'message': ""Unsupported parameter: 'temperature' is not supported with this model."", 'type': 'invalid_request_error', 'param': 'temperature', 'code': 'unsupported_parameter'}}"
1,35,CC(=O)NC12C[C@H]3C[C@@H](C1)CC(C1=CC=C([N+](=O)[O-])C=C1)(C3)C2,0.04,0.03341666666666668,0.19,0.01,0.0326214610681714,185,False,,"Fallback to genetic operations due to LLM error: Error code: 400 - {'error': {'message': ""Unsupported parameter: 'temperature' is not supported with this model."", 'type': 'invalid_request_error', 'param': 'temperature', 'code': 'unsupported_parameter'}}"
1,36,COC1=NC=CC(C2=NOC(C3C=C(C)O[C@H](C)C3)=N2)=C1,0.04,0.03341666666666668,0.19,0.01,0.0326214610681714,185,False,,"Fallback to genetic operations due to LLM error: Error code: 400 - {'error': {'message': ""Unsupported parameter: 'temperature' is not supported with this model."", 'type': 'invalid_request_error', 'param': 'temperature', 'code': 'unsupported_parameter'}}"
1,37,CC1=CC=CC=C1N[C@H]1CCN(C2=CC=C(Cl)C(F)=C2)C1=O,0.04,0.03341666666666668,0.19,0.01,0.0326214610681714,185,False,,"Fallback to genetic operations due to LLM error: Error code: 400 - {'error': {'message': ""Unsupported parameter: 'temperature' is not supported with this model."", 'type': 'invalid_request_error', 'param': 'temperature', 'code': 'unsupported_parameter'}}"
1,38,CC(C)C[C@H]1C[NH2+]CC[C@@H]1C1=C([C@H](NC(=O)C2=CC=C3N=CC=NC3=C2)C2CCOCC2)CC2=C1OC(C)(C)C2,0.04,0.03341666666666668,0.19,0.01,0.0326214610681714,185,False,,"Fallback to genetic operations due to LLM error: Error code: 400 - {'error': {'message': ""Unsupported parameter: 'temperature' is not supported with this model."", 'type': 'invalid_request_error', 'param': 'temperature', 'code': 'unsupported_parameter'}}"
1,39,CC1=CC=CC=C1C(=O)C12C[C@H]3C[C@@H](C1)CC(C1=CC=C([N+](=O)[O-])C=C1)(C3)C2,0.04,0.03341666666666668,0.19,0.01,0.0326214610681714,185,False,,"Fallback to genetic operations due to LLM error: Error code: 400 - {'error': {'message': ""Unsupported parameter: 'temperature' is not supported with this model."", 'type': 'invalid_request_error', 'param': 'temperature', 'code': 'unsupported_parameter'}}"
1,40,C[C@H]([NH2+][C@H]1CCOC1)C1=CC=NC(Cl)=C1,0.03,0.03341666666666668,0.19,0.01,0.0326214610681714,185,False,,
1,41,COC1=CC(C2=NOC(C3C[C@@H](C)O[C@@H](C)C3)=N2)=CC=N1,0.03,0.03341666666666668,0.19,0.01,0.0326214610681714,185,False,,
1,42,COc1cc(C)c(CN2CCN(C(=O)c3ccc(N4CCCCC4)c([N+](=O)[O-])c3)CC2)cc1OC,0.03,0.03341666666666668,0.19,0.01,0.0326214610681714,185,False,,
1,43,CC1=CC=C2N=C(N3CCC(C(=O)NCC(C)(C)CO)CC3)N=C(C)C2=C1,0.03,0.03341666666666668,0.19,0.01,0.0326214610681714,185,False,,
1,44,C[C@@H]1COCCN1Cc1ccc(C(=O)NN)cn1,0.03,0.03341666666666668,0.19,0.01,0.0326214610681714,185,False,,
1,45,[NH3+]C[C@H](CO)CC1=CC(F)=CC(Br)=C1,0.03,0.03341666666666668,0.19,0.01,0.0326214610681714,185,False,,
1,46,C[C@@H](CO)CSC[C@@H]([NH3+])C1=CC=C2OCCCOC2=C1,0.03,0.03341666666666668,0.19,0.01,0.0326214610681714,185,False,,
1,47,CC1=CC=C(C2=NC=CO2)C=C1NC(=O)C1=NC(Cl)=CC=C1Cl,0.03,0.03341666666666668,0.19,0.01,0.0326214610681714,185,False,,
1,48,O=C(NC1=CC=C2OCCC2=C1)N1CCC[C@H]1C1=NC2=CC=CC=C2N1,0.03,0.03341666666666668,0.19,0.01,0.0326214610681714,185,False,,
1,49,N#CCC1=CC=C2NC=CC2=N1,0.03,0.03341666666666668,0.19,0.01,0.0326214610681714,185,False,,
1,50,C=C(C)CN(C)C(=O)CN1CC2=C(C1=O)[C@@H](C1=CC=C(Cl)C=C1C(=O)NC1=CC=CC([C@H](C)SC)=C1)NC(=O)N2CC,0.03,0.03341666666666668,0.19,0.01,0.0326214610681714,185,False,,"Fallback to genetic operations due to LLM error: Error code: 400 - {'error': {'message': ""Unsupported parameter: 'temperature' is not supported with this model."", 'type': 'invalid_request_error', 'param': 'temperature', 'code': 'unsupported_parameter'}}"
1,51,C=C(C)CN(C)C(=O)CN1CC2=C(C1=O)[C@@H](C1=COCC1)NC(=O)N2CC,0.03,0.03341666666666668,0.19,0.01,0.0326214610681714,185,False,,"Fallback to genetic operations due to LLM error: Error code: 400 - {'error': {'message': ""Unsupported parameter: 'temperature' is not supported with this model."", 'type': 'invalid_request_error', 'param': 'temperature', 'code': 'unsupported_parameter'}}"
1,52,CC1=CC=C(C2=CC(CCC[NH+](C)CC3=NC=C(C)O3)=NN2)C=C1,0.03,0.03341666666666668,0.19,0.01,0.0326214610681714,185,False,,"Fallback to genetic operations due to LLM error: Error code: 400 - {'error': {'message': ""Unsupported parameter: 'temperature' is not supported with this model."", 'type': 'invalid_request_error', 'param': 'temperature', 'code': 'unsupported_parameter'}}"
1,53,O=C(N1CCOCC1)C12C[C@H]3C[C@@H](C1)CC(C1=CC(Cl)=NC=C1)(C3)C2,0.03,0.03341666666666668,0.19,0.01,0.0326214610681714,185,False,,"Fallback to genetic operations due to LLM error: Error code: 400 - {'error': {'message': ""Unsupported parameter: 'temperature' is not supported with this model."", 'type': 'invalid_request_error', 'param': 'temperature', 'code': 'unsupported_parameter'}}"
1,54,CC1=NC(N2CCC(C(=O)NCC(C)(C)CO)CC2)=NC2=C1C=C(Cl)C=C2,0.03,0.03341666666666668,0.19,0.01,0.0326214610681714,185,False,,"Fallback to genetic operations due to LLM error: Error code: 400 - {'error': {'message': ""Unsupported parameter: 'temperature' is not supported with this model."", 'type': 'invalid_request_error', 'param': 'temperature', 'code': 'unsupported_parameter'}}"
1,55,CC1=CC=C(C2=NC=CO2)C=C1NC(=O)C1=NC(Cl)=CC=C1[NH2+][C@@H](C)C1=CC=NC(Cl)=C1,0.03,0.03341666666666668,0.19,0.01,0.0326214610681714,185,False,,"Fallback to genetic operations due to LLM error: Error code: 400 - {'error': {'message': ""Unsupported parameter: 'temperature' is not supported with this model."", 'type': 'invalid_request_error', 'param': 'temperature', 'code': 'unsupported_parameter'}}"
1,56,CCCCO[C@@H]1C[C@H](NC(=O)c2occc2Br)C1(C)C,0.02,0.03341666666666668,0.19,0.01,0.0326214610681714,185,False,,
1,57,NC(=O)C1=CC=CC(CNC(=O)CSC2=NC3=CC=CC=C3O2)=C1,0.02,0.03341666666666668,0.19,0.01,0.0326214610681714,185,False,,
1,58,CCC[C@@H](C(=O)N1CCN(CC(=O)Nc2c(C)cccc2C)CC1)c1ccccc1,0.02,0.03341666666666668,0.19,0.01,0.0326214610681714,185,False,,
1,59,COC1=CC=C([C@H](NC(=O)C2=CC=C3N=CC=NC3=C2)C2CCOCC2)C=C1,0.02,0.03341666666666668,0.19,0.01,0.0326214610681714,185,False,,"Fallback to genetic operations due to LLM error: Error code: 400 - {'error': {'message': ""Unsupported parameter: 'temperature' is not supported with this model."", 'type': 'invalid_request_error', 'param': 'temperature', 'code': 'unsupported_parameter'}}"
1,60,COC1=C(C(=O)NC[C@@H](O)C(C)(C)C)SC(C2=CC=CC=C2)=C1,0.02,0.03341666666666668,0.19,0.01,0.0326214610681714,185,False,,
1,61,CC1=NN(C)C=C1CN1C[C@H](CO)OC[C@@H]1C,0.02,0.03341666666666668,0.19,0.01,0.0326214610681714,185,False,,
1,62,CC1=CC(NC(=O)NC2=CC=CC(Cl)=C2)=NC=C1Br,0.02,0.03341666666666668,0.19,0.01,0.0326214610681714,185,False,,
1,63,CCSC[C@@H](C)N(C)C(=O)NCC1=CC=C(C)C=C1N(C)C,0.02,0.03341666666666668,0.19,0.01,0.0326214610681714,185,False,,
1,64,C=C(C)CN(C)C(=O)CN1CC2=C(C1=O)[C@@H](C1=CC=C(Cl)C=C1Cl)NC(=O)N2CC,0.02,0.03341666666666668,0.19,0.01,0.0326214610681714,185,False,,
1,65,COc1ccc2c(c1)C[C@@H](C(=O)Nc1ccc(C(C)=O)c(C)c1)CO2,0.02,0.03341666666666668,0.19,0.01,0.0326214610681714,185,False,,
1,66,Cc1[nH+]ccn1Cc1nnc([C@@H]2CCC[NH+](Cc3cccnc3)C2)n1C,0.02,0.03341666666666668,0.19,0.01,0.0326214610681714,185,False,,
1,67,COC1=CC=C([C@@H]2CC(=O)C3=C(C2)N[C@@H]2N=NC(O)=C2[C@H]3C2=CC=C(Cl)C(Cl)=C2)C=C1OC,0.02,0.03341666666666668,0.19,0.01,0.0326214610681714,185,False,,
1,68,C[C@H]1Cc2cc([C@@H](Cl)C3(C)CCCC3)ccc2O1,0.02,0.03341666666666668,0.19,0.01,0.0326214610681714,185,False,,
1,69,C[NH+]1CCC(NC(=O)Nc2ncc(Cc3cccc(Cl)c3)s2)CC1,0.02,0.03341666666666668,0.19,0.01,0.0326214610681714,185,False,,
1,70,O=C(NCC1CCN(C(=O)c2ccccn2)CC1)C(=O)NC1CCCC1,0.02,0.03341666666666668,0.19,0.01,0.0326214610681714,185,False,,
1,71,C[C@H](CC1=CSC=C1)[NH+](C)CC1=CN=C(N2CC[NH+](C)CC2)N=C1,0.02,0.03341666666666668,0.19,0.01,0.0326214610681714,185,False,,
1,72,COc1ccc(NC(=O)C[NH+]2CCCN(Cc3cccc(Cl)c3)S2(=O)=O)cc1,0.02,0.03341666666666668,0.19,0.01,0.0326214610681714,185,False,,
1,73,CC1=CC=C([C@H](C)NC(=O)N[C@H]2C=C(C)N(C3CC3)C2)C=C1[N+](=O)[O-],0.02,0.03341666666666668,0.19,0.01,0.0326214610681714,185,False,,"Fallback to genetic operations due to LLM error: Error code: 400 - {'error': {'message': ""Unsupported parameter: 'temperature' is not supported with this model."", 'type': 'invalid_request_error', 'param': 'temperature', 'code': 'unsupported_parameter'}}"
1,74,[O-]C1=CC=NC(Cl)=C1,0.02,0.03341666666666668,0.19,0.01,0.0326214610681714,185,False,,"Fallback to genetic operations due to LLM error: Error code: 400 - {'error': {'message': ""Unsupported parameter: 'temperature' is not supported with this model."", 'type': 'invalid_request_error', 'param': 'temperature', 'code': 'unsupported_parameter'}}"
1,75,CC1=NON=C1CC(=O)N1CCC[C@H](C(=O)[C@@H]2CC(=O)C3=C(C2)N[C@@H]2N=NC(O)=C2[C@H]3C2=CC=C(Cl)C(Cl)=C2)C1,0.02,0.03341666666666668,0.19,0.01,0.0326214610681714,185,False,,"Fallback to genetic operations due to LLM error: Error code: 400 - {'error': {'message': ""Unsupported parameter: 'temperature' is not supported with this model."", 'type': 'invalid_request_error', 'param': 'temperature', 'code': 'unsupported_parameter'}}"
1,76,CCN1C(=O)N[C@H](C2=CC=C(Cl)C=C2Cl)C2=C1C=NN(C)C2=O,0.02,0.03341666666666668,0.19,0.01,0.0326214610681714,185,False,,"Fallback to genetic operations due to LLM error: Error code: 400 - {'error': {'message': ""Unsupported parameter: 'temperature' is not supported with this model."", 'type': 'invalid_request_error', 'param': 'temperature', 'code': 'unsupported_parameter'}}"
1,77,CCSC[C@@H](C)N(C)C(=O)NCC1=CC=C(NC(=O)C2=CC=CC=C2C)C1N(C)C,0.02,0.03341666666666668,0.19,0.01,0.0326214610681714,185,False,,"Fallback to genetic operations due to LLM error: Error code: 400 - {'error': {'message': ""Unsupported parameter: 'temperature' is not supported with this model."", 'type': 'invalid_request_error', 'param': 'temperature', 'code': 'unsupported_parameter'}}"
1,78,COC1=CC=C(CC(=O)C2=CC=C(CN3C=C(Cl)C([N+](=O)[O-])=N3)C=C2)C=N1,0.02,0.03341666666666668,0.19,0.01,0.0326214610681714,185,False,,"Fallback to genetic operations due to LLM error: Error code: 400 - {'error': {'message': ""Unsupported parameter: 'temperature' is not supported with this model."", 'type': 'invalid_request_error', 'param': 'temperature', 'code': 'unsupported_parameter'}}"
1,79,C1=CN=C[NH2+]C1,0.02,0.03341666666666668,0.19,0.01,0.0326214610681714,185,False,,"Fallback to genetic operations due to LLM error: Error code: 400 - {'error': {'message': ""Unsupported parameter: 'temperature' is not supported with this model."", 'type': 'invalid_request_error', 'param': 'temperature', 'code': 'unsupported_parameter'}}"
1,80,COC1=NC=CC(C=CF)=C1,0.02,0.03341666666666668,0.19,0.01,0.0326214610681714,185,False,,"Fallback to genetic operations due to LLM error: Error code: 400 - {'error': {'message': ""Unsupported parameter: 'temperature' is not supported with this model."", 'type': 'invalid_request_error', 'param': 'temperature', 'code': 'unsupported_parameter'}}"
1,81,COC1=C(C(=O)NC[C@@H](O)C(C)(C)C)SC(C2=C([NH+]3CCCCC3)CC=C2)=C1,0.02,0.03341666666666668,0.19,0.01,0.0326214610681714,185,False,,"Fallback to genetic operations due to LLM error: Error code: 400 - {'error': {'message': ""Unsupported parameter: 'temperature' is not supported with this model."", 'type': 'invalid_request_error', 'param': 'temperature', 'code': 'unsupported_parameter'}}"
1,82,COC1=C[C@H](CO)OC1,0.02,0.03341666666666668,0.19,0.01,0.0326214610681714,185,False,,"Fallback to genetic operations due to LLM error: Error code: 400 - {'error': {'message': ""Unsupported parameter: 'temperature' is not supported with this model."", 'type': 'invalid_request_error', 'param': 'temperature', 'code': 'unsupported_parameter'}}"
1,83,CC(C)C[C@H]1C[NH2+]CC[C@@H]1N[C@H]1CCN(C2=CC=C(Cl)C(F)=C2)C1=O,0.02,0.03341666666666668,0.19,0.01,0.0326214610681714,185,False,,"Fallback to genetic operations due to LLM error: Error code: 400 - {'error': {'message': ""Unsupported parameter: 'temperature' is not supported with this model."", 'type': 'invalid_request_error', 'param': 'temperature', 'code': 'unsupported_parameter'}}"
1,84,O=C1N[C@@H](c2ccccc2F)c2c1oc1ccccc1c2=O,0.01,0.03341666666666668,0.19,0.01,0.0326214610681714,185,False,,
1,85,CS(=O)(=O)N[C@H]1CCN(C2=CC=C(Cl)C(F)=C2)C1=O,0.01,0.03341666666666668,0.19,0.01,0.0326214610681714,185,False,,
1,86,CCC(C)(C)NC(=O)c1ccc(NC(=O)N[C@@H](C)[C@H]2CCCO2)cc1,0.01,0.03341666666666668,0.19,0.01,0.0326214610681714,185,False,,
1,87,CSCC[C@H](NC(=O)N[C@@H]1CCCCC1(C)C)C(=O)[O-],0.01,0.03341666666666668,0.19,0.01,0.0326214610681714,185,False,,
1,88,CC(C)C(=O)NC1=NC2=CC=C(CCC(=O)NCC3=CC=CC=C3Cl)C=C2S1,0.01,0.03341666666666668,0.19,0.01,0.0326214610681714,185,False,,
1,89,Cc1nn(-c2ccccc2)c(C)c1NC(=O)CN1CCc2cc(F)ccc2C1,0.01,0.03341666666666668,0.19,0.01,0.0326214610681714,185,False,,
1,90,COC1=CC=C(C[C@H](C)C[NH+](C)CC2=CN3C=CC=NC3=N2)C=C1,0.01,0.03341666666666668,0.19,0.01,0.0326214610681714,185,False,,
1,91,CCC1=NSC(NCC(=O)NC(C)(C)C)=N1,0.01,0.03341666666666668,0.19,0.01,0.0326214610681714,185,False,,
1,92,CCCN(C)c1nccn2c(=O)n(CC(=O)Nc3cccc(SC)c3)nc12,0.01,0.03341666666666668,0.19,0.01,0.0326214610681714,185,False,,
1,93,O=C(Nc1ccc(-c2nnc3n2CCCCC3)cc1)c1ccccc1C(F)(F)F,0.01,0.03341666666666668,0.19,0.01,0.0326214610681714,185,False,,
1,94,CC(C)c1cccc(C(C)C)c1NC(=O)CCN1C(=O)[C@H]2CC[C@@](C)(C1=O)C2(C)C,0.01,0.03341666666666668,0.19,0.01,0.0326214610681714,185,False,,
1,95,Cc1cccc(CN(C(=O)c2cccc(N3CCNC3=O)c2)C(C)C)c1,0.01,0.03341666666666668,0.19,0.01,0.0326214610681714,185,False,,
1,96,COc1ccc(C(=O)N2C[C@@H](C)[NH2+]C[C@H]2C)cc1O,0.01,0.03341666666666668,0.19,0.01,0.0326214610681714,185,False,,
1,97,O=C(NC(=S)Nc1c(O)ccc2ccccc12)c1cccc(F)c1,0.01,0.03341666666666668,0.19,0.01,0.0326214610681714,185,False,,
1,98,CC(=O)NC1=CC=C(NC(=O)CCC2=CN(C3=CC=CC=C3)N=C2)C=C1,0.01,0.03341666666666668,0.19,0.01,0.0326214610681714,185,False,,
1,99,COC1=CC(F)=C(NC(=O)C=C2CN(C(=O)OC(C)(C)C)C2)C=C1F,0.01,0.03341666666666668,0.19,0.01,0.0326214610681714,185,False,,
1,100,C[C@@H](Nc1ccc([N-]S(C)(=O)=O)cc1)C(=O)Nc1ccc2c(c1)OCO2,0.01,0.03341666666666668,0.19,0.01,0.0326214610681714,185,False,,
1,101,CCC[C@@H]1C[C@@H](Nc2cc(OC)ccc2F)CCO1,0.01,0.03341666666666668,0.19,0.01,0.0326214610681714,185,False,,
1,102,Cc1ccc(S(=O)(=O)CCC(=O)Oc2ccc(Cl)cc2Cl)cc1,0.01,0.03341666666666668,0.19,0.01,0.0326214610681714,185,False,,
1,103,CCN(CC(=O)Nc1cccc(OC)c1)C(=O)c1ccc(F)cc1Br,0.01,0.03341666666666668,0.19,0.01,0.0326214610681714,185,False,,
1,104,COC(=O)[C@@H]1CCCN(C(=O)NC2CCC([NH+]3CCCCC3)CC2)C1,0.01,0.03341666666666668,0.19,0.01,0.0326214610681714,185,False,,
1,105,O=C(C[NH+]1CCN(c2ccc(C(F)(F)F)cn2)CC1)N1CCC[C@H]1c1ccc2c(c1)OCCO2,0.01,0.03341666666666668,0.19,0.01,0.0326214610681714,185,False,,
1,106,CC(C)C[C@H]1C[NH2+]CC[C@@H]1C1=CC=CC2=C1OC(C)(C)C2,0.01,0.03341666666666668,0.19,0.01,0.0326214610681714,185,False,,
1,107,Cc1cccc(C[NH+]2CCC[C@@]3(CC[NH+](Cc4cnn(C(C)C)c4)C3)C2)c1,0.01,0.03341666666666668,0.19,0.01,0.0326214610681714,185,False,,
1,108,Cc1nn(C)c(C)c1NC(=O)CS[C@H]1CCCc2ccccc21,0.01,0.03341666666666668,0.19,0.01,0.0326214610681714,185,False,,
1,109,CC1(C)CN(CCOc2ccc(S(C)(=O)=O)cc2)CC[S@@]1=O,0.01,0.03341666666666668,0.19,0.01,0.0326214610681714,185,False,,
1,110,O=C(NCc1ccc(N2CCC(O)CC2)c(F)c1)c1ccn(-c2ccc(F)cc2)n1,0.01,0.03341666666666668,0.19,0.01,0.0326214610681714,185,False,,
1,111,Cc1cc(/C=C(\C#N)C(=O)Nc2ccccc2)c(C)n1-c1ccc(I)cc1,0.01,0.03341666666666668,0.19,0.01,0.0326214610681714,185,False,,
1,112,CC(=O)[C@@H]1CCCN(C(=O)NC2CCC([NH+]3CCCCC3)CC2)C1,0.01,0.03341666666666668,0.19,0.01,0.0326214610681714,185,False,,"Fallback to genetic operations due to LLM error: Error code: 400 - {'error': {'message': ""Unsupported parameter: 'temperature' is not supported with this model."", 'type': 'invalid_request_error', 'param': 'temperature', 'code': 'unsupported_parameter'}}"
1,113,C[NH2+]C[C@@H]1CN2CCCC[C@@H]2CO1,0.01,0.03341666666666668,0.19,0.01,0.0326214610681714,185,False,,"Fallback to genetic operations due to LLM error: Error code: 400 - {'error': {'message': ""Unsupported parameter: 'temperature' is not supported with this model."", 'type': 'invalid_request_error', 'param': 'temperature', 'code': 'unsupported_parameter'}}"
1,114,CC(N)C[C@H]1C[NH2+]CC[C@@H]1C1=CC=CC2=C1OC(C)(C)C2,0.01,0.03341666666666668,0.19,0.01,0.0326214610681714,185,False,,"Fallback to genetic operations due to LLM error: Error code: 400 - {'error': {'message': ""Unsupported parameter: 'temperature' is not supported with this model."", 'type': 'invalid_request_error', 'param': 'temperature', 'code': 'unsupported_parameter'}}"
1,115,CC(=O)NC1=C(C)C(CN2C[C@H](CO)OC[C@@H]2C)=CC1,0.01,0.03341666666666668,0.19,0.01,0.0326214610681714,185,False,,"Fallback to genetic operations due to LLM error: Error code: 400 - {'error': {'message': ""Unsupported parameter: 'temperature' is not supported with this model."", 'type': 'invalid_request_error', 'param': 'temperature', 'code': 'unsupported_parameter'}}"
1,116,O=[N+]([O-])C1=NN(CC2=CC=C(CN3C=C(Cl)C([N+](=O)[O-])=N3)C2)C=C1Cl,0.01,0.03341666666666668,0.19,0.01,0.0326214610681714,185,False,,"Fallback to genetic operations due to LLM error: Error code: 400 - {'error': {'message': ""Unsupported parameter: 'temperature' is not supported with this model."", 'type': 'invalid_request_error', 'param': 'temperature', 'code': 'unsupported_parameter'}}"
1,117,CC(C)(C)NC(=O)CNC1=NCC=[SH]1,0.01,0.03341666666666668,0.19,0.01,0.0326214610681714,185,False,,"Fallback to genetic operations due to LLM error: Error code: 400 - {'error': {'message': ""Unsupported parameter: 'temperature' is not supported with this model."", 'type': 'invalid_request_error', 'param': 'temperature', 'code': 'unsupported_parameter'}}"
1,118,O=C1C=C(C2=CC=C(F)C=C2)CN1C1CC1,0.01,0.03341666666666668,0.19,0.01,0.0326214610681714,185,False,,"Fallback to genetic operations due to LLM error: Error code: 400 - {'error': {'message': ""Unsupported parameter: 'temperature' is not supported with this model."", 'type': 'invalid_request_error', 'param': 'temperature', 'code': 'unsupported_parameter'}}"
1,119,COC1=CC=C(CNC(=O)[C@H]2CCOC2)C=N1,0.01,0.03341666666666668,0.19,0.01,0.0326214610681714,185,False,,"Fallback to genetic operations due to LLM error: Error code: 400 - {'error': {'message': ""Unsupported parameter: 'temperature' is not supported with this model."", 'type': 'invalid_request_error', 'param': 'temperature', 'code': 'unsupported_parameter'}}"
1,120,CCSC[C@@H](C)N(C(=O)NCC1=CC=C(C)C=C1N(C)C)C1=CC=C(Cl)C(F)=C1,0.01,0.03341666666666668,0.19,0.01,0.0326214610681714,185,False,,"Fallback to genetic operations due to LLM error: Error code: 400 - {'error': {'message': ""Unsupported parameter: 'temperature' is not supported with this model."", 'type': 'invalid_request_error', 'param': 'temperature', 'code': 'unsupported_parameter'}}"
2,1,CC1=C(O)CC=C1C(=O)NC1=CC=C2C(=C1)N=CN=C2N1CCCC1,0.21,0.05066666666666668,0.21,0.02,0.04132661235679606,249,False,,"Fallback to genetic operations due to LLM error: Error code: 400 - {'error': {'message': ""Unsupported parameter: 'temperature' is not supported with this model."", 'type': 'invalid_request_error', 'param': 'temperature', 'code': 'unsupported_parameter'}}"
2,2,CC1=CC=CC=C1C(=O)NC1=CC=C2C(=C1)N=CN=C2N1CCCC1,0.19,0.05066666666666668,0.21,0.02,0.04132661235679606,249,False,,
2,3,C[C@@H](CO)CSC[C@@H]([NH3+])C1=CCC(C(=O)NC2=CC=C3C(=C2)N=CN=C3N2CCCC2)=CC1,0.19,0.05066666666666668,0.21,0.02,0.04132661235679606,249,False,,"Fallback to genetic operations due to LLM error: Error code: 400 - {'error': {'message': ""Unsupported parameter: 'temperature' is not supported with this model."", 'type': 'invalid_request_error', 'param': 'temperature', 'code': 'unsupported_parameter'}}"
2,4,C[C@@H]1CC(C2=NC(C3=CC=NC(C4=CC=C5OC(C[NH2+]C[C@@H]6CN7CCCC[C@@H]7CO6)=CC5=C4)=C3)=NO2)=CCO1,0.18,0.05066666666666668,0.21,0.02,0.04132661235679606,249,False,,"Fallback to genetic operations due to LLM error: Error code: 400 - {'error': {'message': ""Unsupported parameter: 'temperature' is not supported with this model."", 'type': 'invalid_request_error', 'param': 'temperature', 'code': 'unsupported_parameter'}}"
2,5,CC1=C([C@H]([NH3+])CSC[C@@H](C)CO)CC=C1C(=O)NC1=CC=C2C(=C1)N=CN=C2N1CCCC1,0.17,0.05066666666666668,0.21,0.02,0.04132661235679606,249,False,,"Fallback to genetic operations due to LLM error: Error code: 400 - {'error': {'message': ""Unsupported parameter: 'temperature' is not supported with this model."", 'type': 'invalid_request_error', 'param': 'temperature', 'code': 'unsupported_parameter'}}"
2,6,CC1=CC=CC=C1C(=O)NC1=CC=C2C(=C1)N=CN=C2N1C=C(C)C([N+](=O)[O-])=C1,0.17,0.05066666666666668,0.21,0.02,0.04132661235679606,249,False,,"Fallback to genetic operations due to LLM error: Error code: 400 - {'error': {'message': ""Unsupported parameter: 'temperature' is not supported with this model."", 'type': 'invalid_request_error', 'param': 'temperature', 'code': 'unsupported_parameter'}}"
2,7,COC1=NC=CC(C2=NOC(NC3=CC=C4C(=C3)N=CN=C4N3CCCC3)=N2)=C1,0.17,0.05066666666666668,0.21,0.02,0.04132661235679606,249,False,,"Fallback to genetic operations due to LLM error: Error code: 400 - {'error': {'message': ""Unsupported parameter: 'temperature' is not supported with this model."", 'type': 'invalid_request_error', 'param': 'temperature', 'code': 'unsupported_parameter'}}"
2,8,CONC1=CC=C2C(=C1)N=CN=C2N1CCCC1,0.14,0.05066666666666668,0.21,0.02,0.04132661235679606,249,False,,"Fallback to genetic operations due to LLM error: Error code: 400 - {'error': {'message': ""Unsupported parameter: 'temperature' is not supported with this model."", 'type': 'invalid_request_error', 'param': 'temperature', 'code': 'unsupported_parameter'}}"
2,9,CC1=C(CNC2=CC3=C(C=C2)C(N2CCCC2)=NC=N3)C(F)=CC1,0.12,0.05066666666666668,0.21,0.02,0.04132661235679606,249,False,,"Fallback to genetic operations due to LLM error: Error code: 400 - {'error': {'message': ""Unsupported parameter: 'temperature' is not supported with this model."", 'type': 'invalid_request_error', 'param': 'temperature', 'code': 'unsupported_parameter'}}"
2,10,CC1=CC=C(C2=NC=CO2)C=C1NC(=O)NC1=CC=C2C(=C1)N=CN=C2N1CCCC1,0.12,0.05066666666666668,0.21,0.02,0.04132661235679606,249,False,,"Fallback to genetic operations due to LLM error: Error code: 400 - {'error': {'message': ""Unsupported parameter: 'temperature' is not supported with this model."", 'type': 'invalid_request_error', 'param': 'temperature', 'code': 'unsupported_parameter'}}"
2,11,CC(C)N1C=CC(C2=CC=C3C(=C2)N=CN=C3N2CCCC2)=N1,0.11,0.05066666666666668,0.21,0.02,0.04132661235679606,249,False,,"Fallback to genetic operations due to LLM error: Error code: 400 - {'error': {'message': ""Unsupported parameter: 'temperature' is not supported with this model."", 'type': 'invalid_request_error', 'param': 'temperature', 'code': 'unsupported_parameter'}}"
2,12,CC(=O)NC1=CC=C(NCC2=CC=CC=C2F)C(C2=CC(C)=C(Br)C=N2)=C1,0.11,0.05066666666666668,0.21,0.02,0.04132661235679606,249,False,,"Fallback to genetic operations due to LLM error: Error code: 400 - {'error': {'message': ""Unsupported parameter: 'temperature' is not supported with this model."", 'type': 'invalid_request_error', 'param': 'temperature', 'code': 'unsupported_parameter'}}"
2,13,CC1=C(Br)C=NC(C2=C(NCC3=CC=CC=C3F)C=CC(NCCC(=O)OC3=CC=C(Cl)C=C3Cl)=C2)=C1,0.11,0.05066666666666668,0.21,0.02,0.04132661235679606,249,False,,"Fallback to genetic operations due to LLM error: Error code: 400 - {'error': {'message': ""Unsupported parameter: 'temperature' is not supported with this model."", 'type': 'invalid_request_error', 'param': 'temperature', 'code': 'unsupported_parameter'}}"
2,14,COC1=NC=CC(C2=NOC(C3=CN=C(NC(=O)NC4=CC=CC(Cl)=C4)C=C3C)=N2)=C1,0.1,0.05066666666666668,0.21,0.02,0.04132661235679606,249,False,,"Fallback to genetic operations due to LLM error: Error code: 400 - {'error': {'message': ""Unsupported parameter: 'temperature' is not supported with this model."", 'type': 'invalid_request_error', 'param': 'temperature', 'code': 'unsupported_parameter'}}"
2,15,CC(=O)NC1=CC=C(NCC2=C(C)CC=C2F)C(C(F)(F)F)=C1,0.09,0.05066666666666668,0.21,0.02,0.04132661235679606,249,False,,"Fallback to genetic operations due to LLM error: Error code: 400 - {'error': {'message': ""Unsupported parameter: 'temperature' is not supported with this model."", 'type': 'invalid_request_error', 'param': 'temperature', 'code': 'unsupported_parameter'}}"
2,16,O=[N+]([O-])C1=CC=C2OC(C[NH2+]C[C@@H]3CN4CCCC[C@@H]4CO3)=CC2=C1,0.09,0.05066666666666668,0.21,0.02,0.04132661235679606,249,False,,"Fallback to genetic operations due to LLM error: Error code: 400 - {'error': {'message': ""Unsupported parameter: 'temperature' is not supported with this model."", 'type': 'invalid_request_error', 'param': 'temperature', 'code': 'unsupported_parameter'}}"
2,17,CC(=O)NC1=CC=C(NCC2=CC=CC=C2F)C(C(F)(F)F)=C1,0.08,0.05066666666666668,0.21,0.02,0.04132661235679606,249,False,,
2,18,CC(C)(C)OC(=O)N1CC(=CC(=O)NC2=CCN3C[C@@H](C[NH2+]CC4=CC5=CC(F)=CC=C5O4)OC[C@@H]23)C1,0.08,0.05066666666666668,0.21,0.02,0.04132661235679606,249,False,,"Fallback to genetic operations due to LLM error: Error code: 400 - {'error': {'message': ""Unsupported parameter: 'temperature' is not supported with this model."", 'type': 'invalid_request_error', 'param': 'temperature', 'code': 'unsupported_parameter'}}"
2,19,C[C@H](C(=O)NC1=CC=C2OCOC2=C1)C1=CC=C2OC(C[NH2+]C[C@@H]3CN4CCCC[C@@H]4CO3)=CC2=C1,0.08,0.05066666666666668,0.21,0.02,0.04132661235679606,249,False,,"Fallback to genetic operations due to LLM error: Error code: 400 - {'error': {'message': ""Unsupported parameter: 'temperature' is not supported with this model."", 'type': 'invalid_request_error', 'param': 'temperature', 'code': 'unsupported_parameter'}}"
2,20,FC=CC1=CCN2C[C@@H](C[NH2+]CC3=CC4=CC(F)=CC=C4O3)OC[C@@H]12,0.08,0.05066666666666668,0.21,0.02,0.04132661235679606,249,False,,"Fallback to genetic operations due to LLM error: Error code: 400 - {'error': {'message': ""Unsupported parameter: 'temperature' is not supported with this model."", 'type': 'invalid_request_error', 'param': 'temperature', 'code': 'unsupported_parameter'}}"
2,21,O=C(N1CCOCC1)C12C[C@H]3C[C@@H](C1)CC(C1=CC=C([N+](=O)[O-])C=C1)(C3)C2,0.07,0.05066666666666668,0.21,0.02,0.04132661235679606,249,False,,
2,22,O=[N+]([O-])C1=CC=C(O)C=C1C[NH+]1CC=CCC1,0.07,0.05066666666666668,0.21,0.02,0.04132661235679606,249,False,,"Fallback to genetic operations due to LLM error: Error code: 400 - {'error': {'message': ""Unsupported parameter: 'temperature' is not supported with this model."", 'type': 'invalid_request_error', 'param': 'temperature', 'code': 'unsupported_parameter'}}"
2,23,O=C(NCC1CC[NH+](CC2=CC(=O)N(CC(F)(F)F)C2)CC1)C1=CNN=C1C1=CC=C(Cl)C=C1,0.07,0.05066666666666668,0.21,0.02,0.04132661235679606,249,False,,"Fallback to genetic operations due to LLM error: Error code: 400 - {'error': {'message': ""Unsupported parameter: 'temperature' is not supported with this model."", 'type': 'invalid_request_error', 'param': 'temperature', 'code': 'unsupported_parameter'}}"
2,24,CC1=NON=C1CC(=O)N1CCC[C@H](C(=O)NC2=CC=C(C3=CC=NN3)C=C2)C1,0.06,0.05066666666666668,0.21,0.02,0.04132661235679606,249,False,,
2,25,FC1=CC=C2OC(C[NH2+]C[C@@H]3CN4CCCC[C@@H]4CO3)=CC2=C1,0.06,0.05066666666666668,0.21,0.02,0.04132661235679606,249,False,,
2,26,CC1=CC=C([C@H](C)NC(=O)N[C@H]2CC(=O)N(C3CC3)C2)C=C1[N+](=O)[O-],0.06,0.05066666666666668,0.21,0.02,0.04132661235679606,249,False,,"Fallback to genetic operations due to LLM error: Error code: 400 - {'error': {'message': ""Unsupported parameter: 'temperature' is not supported with this model."", 'type': 'invalid_request_error', 'param': 'temperature', 'code': 'unsupported_parameter'}}"
2,27,COC1=NC(N[C@@H]2C[NH+]3CCC2CC3)=CC=C1N,0.06,0.05066666666666668,0.21,0.02,0.04132661235679606,249,False,,
2,28,CC(C)(C)[C@H](O)CNC1=CC(C[C@H](C[NH3+])CO)=CC(Br)=C1,0.06,0.05066666666666668,0.21,0.02,0.04132661235679606,249,False,,"Fallback to genetic operations due to LLM error: Error code: 400 - {'error': {'message': ""Unsupported parameter: 'temperature' is not supported with this model."", 'type': 'invalid_request_error', 'param': 'temperature', 'code': 'unsupported_parameter'}}"
2,29,O=C1C[C@H](NC2=NC=COC2[N+](=O)[O-])CN1CC(F)(F)F,0.06,0.05066666666666668,0.21,0.02,0.04132661235679606,249,False,,"Fallback to genetic operations due to LLM error: Error code: 400 - {'error': {'message': ""Unsupported parameter: 'temperature' is not supported with this model."", 'type': 'invalid_request_error', 'param': 'temperature', 'code': 'unsupported_parameter'}}"
2,30,CC(=O)C1=CC=C(N[C@H]2CC(=O)N(NC3=NC=COC3[N+](=O)[O-])C2)C([N+](=O)[O-])=C1,0.06,0.05066666666666668,0.21,0.02,0.04132661235679606,249,False,,"Fallback to genetic operations due to LLM error: Error code: 400 - {'error': {'message': ""Unsupported parameter: 'temperature' is not supported with this model."", 'type': 'invalid_request_error', 'param': 'temperature', 'code': 'unsupported_parameter'}}"
2,31,COC1=CC=C(CNC(=O)C2=CC(OC)=C(OC)C=C2[N+](=O)[O-])C=N1,0.05,0.05066666666666668,0.21,0.02,0.04132661235679606,249,False,,"Fallback to genetic operations due to LLM error: Error code: 400 - {'error': {'message': ""Unsupported parameter: 'temperature' is not supported with this model."", 'type': 'invalid_request_error', 'param': 'temperature', 'code': 'unsupported_parameter'}}"
2,32,CS[C@@H](C)C1=CC=CC(NC(=O)C2=CN(C)N=C2C2=CC=CC=C2)=C1,0.05,0.05066666666666668,0.21,0.02,0.04132661235679606,249,False,,
2,33,CC1=NN(C)C=C1CNC(=O)C1=CC=C(CN2C=C(Cl)C([N+](=O)[O-])=N2)C=C1,0.05,0.05066666666666668,0.21,0.02,0.04132661235679606,249,False,,"Fallback to genetic operations due to LLM error: Error code: 400 - {'error': {'message': ""Unsupported parameter: 'temperature' is not supported with this model."", 'type': 'invalid_request_error', 'param': 'temperature', 'code': 'unsupported_parameter'}}"
2,34,COC1=CC=C(C[NH+]2CCC(CNC(=O)C3=CNN=C3C3=CC=C(Cl)C=C3)CC2)C=C1,0.05,0.05066666666666668,0.21,0.02,0.04132661235679606,249,False,,
2,35,O=C(NC[C@H]1CCC[NH+](CC2=CC(O)=CC=C2[N+](=O)[O-])C1)C1=CC=CC=C1,0.05,0.05066666666666668,0.21,0.02,0.04132661235679606,249,False,,
2,36,COC1=NC=CC(C2=NOC(C3=CCO[C@H](C)C3)=N2)=C1,0.05,0.05066666666666668,0.21,0.02,0.04132661235679606,249,False,,"Fallback to genetic operations due to LLM error: Error code: 400 - {'error': {'message': ""Unsupported parameter: 'temperature' is not supported with this model."", 'type': 'invalid_request_error', 'param': 'temperature', 'code': 'unsupported_parameter'}}"
2,37,O=[N+]([O-])C1=CC=C(O)C=C1C[NH+]1C=CC=CC1,0.05,0.05066666666666668,0.21,0.02,0.04132661235679606,249,False,,"Fallback to genetic operations due to LLM error: Error code: 400 - {'error': {'message': ""Unsupported parameter: 'temperature' is not supported with this model."", 'type': 'invalid_request_error', 'param': 'temperature', 'code': 'unsupported_parameter'}}"
2,38,C[C@H](CC1=CSC=C1)[NH+](C)CC1=CN=C(N2CC[NH+]([N+](=O)[O-])CC2)N=C1,0.05,0.05066666666666668,0.21,0.02,0.04132661235679606,249,False,,"Fallback to genetic operations due to LLM error: Error code: 400 - {'error': {'message': ""Unsupported parameter: 'temperature' is not supported with this model."", 'type': 'invalid_request_error', 'param': 'temperature', 'code': 'unsupported_parameter'}}"
2,39,CS(=O)(=O)[N-][N+](=O)C1=C(C[NH+]2CC=CCC2)C=C(O)C=C1,0.05,0.05066666666666668,0.21,0.02,0.04132661235679606,249,False,,"Fallback to genetic operations due to LLM error: Error code: 400 - {'error': {'message': ""Unsupported parameter: 'temperature' is not supported with this model."", 'type': 'invalid_request_error', 'param': 'temperature', 'code': 'unsupported_parameter'}}"
2,40,O=C1C[C@H](NC2OC=CN=C2[N+](=O)[O-])CN1CC(F)(F)F,0.05,0.05066666666666668,0.21,0.02,0.04132661235679606,249,False,,"Fallback to genetic operations due to LLM error: Error code: 400 - {'error': {'message': ""Unsupported parameter: 'temperature' is not supported with this model."", 'type': 'invalid_request_error', 'param': 'temperature', 'code': 'unsupported_parameter'}}"
2,41,CC(C)N1C=C(C[NH+]2CC[C@@]3(CCC[NH+](CC4=CC(C[NH2+]C[C@@H]5CN6CCCC[C@@H]6CO5)=CC=C4)C3)C2)C=N1,0.05,0.05066666666666668,0.21,0.02,0.04132661235679606,249,False,,"Fallback to genetic operations due to LLM error: Error code: 400 - {'error': {'message': ""Unsupported parameter: 'temperature' is not supported with this model."", 'type': 'invalid_request_error', 'param': 'temperature', 'code': 'unsupported_parameter'}}"
2,42,CNC1=C(C2=CC(C)=C(Br)C=N2)C=C(NC(C)=O)C=C1,0.05,0.05066666666666668,0.21,0.02,0.04132661235679606,249,False,,"Fallback to genetic operations due to LLM error: Error code: 400 - {'error': {'message': ""Unsupported parameter: 'temperature' is not supported with this model."", 'type': 'invalid_request_error', 'param': 'temperature', 'code': 'unsupported_parameter'}}"
2,43,O=[N+]([O-])C1=CC=CC=C1C[NH+]1CC=CCC1,0.05,0.05066666666666668,0.21,0.02,0.04132661235679606,249,False,,"Fallback to genetic operations due to LLM error: Error code: 400 - {'error': {'message': ""Unsupported parameter: 'temperature' is not supported with this model."", 'type': 'invalid_request_error', 'param': 'temperature', 'code': 'unsupported_parameter'}}"
2,44,CC1=CC=C(NC(=O)CN2C(=O)S/C(=C/C3=C(F)C=CC=C3Cl)C2=O)C=C1,0.04,0.05066666666666668,0.21,0.02,0.04132661235679606,249,False,,
2,45,C[C@H](NC(=O)NCC1=CC=CC2=CC=CN=C21)C1=CN(C)N=C1,0.04,0.05066666666666668,0.21,0.02,0.04132661235679606,249,False,,
2,46,CC(=O)C1=CC=C(N[C@H]2CC(=O)N(CC(F)(F)F)C2)C([N+](=O)[O-])=C1,0.04,0.05066666666666668,0.21,0.02,0.04132661235679606,249,False,,
2,47,CC1=CN=C(C[NH+](C)CCCC2=NNC(C3=CC=C(F)C=C3)=C2)O1,0.04,0.05066666666666668,0.21,0.02,0.04132661235679606,249,False,,"Fallback to genetic operations due to LLM error: Error code: 400 - {'error': {'message': ""Unsupported parameter: 'temperature' is not supported with this model."", 'type': 'invalid_request_error', 'param': 'temperature', 'code': 'unsupported_parameter'}}"
2,48,CC(=O)N[C@H](C)C1=CC=C(C2=CSC(NC(=O)[C@@H](C)OC3=CC(C)=CC=C3Cl)=N2)C=C1,0.04,0.05066666666666668,0.21,0.02,0.04132661235679606,249,False,,
2,49,CC(C)N1C=CC(CCNCC2=CN=C(C3=CSC=C3)S2)=N1,0.04,0.05066666666666668,0.21,0.02,0.04132661235679606,249,False,,
2,50,CC1=CC=C([N+](=O)[O-])C=C1,0.04,0.05066666666666668,0.21,0.02,0.04132661235679606,249,False,,"Fallback to genetic operations due to LLM error: Error code: 400 - {'error': {'message': ""Unsupported parameter: 'temperature' is not supported with this model."", 'type': 'invalid_request_error', 'param': 'temperature', 'code': 'unsupported_parameter'}}"
2,51,CC(=O)N[C@H](C)C1=CC=C(C2=CSC(NC(=O)[C@@H](C)OC3=C(Cl)C=CC(C)=C3)=N2)C=C1,0.04,0.05066666666666668,0.21,0.02,0.04132661235679606,249,False,,"Fallback to genetic operations due to LLM error: Error code: 400 - {'error': {'message': ""Unsupported parameter: 'temperature' is not supported with this model."", 'type': 'invalid_request_error', 'param': 'temperature', 'code': 'unsupported_parameter'}}"
2,52,CS[C@@H](C)C1=CC(NC(=O)C2=CN(C[C@H](C[NH3+])CO)N=C2C2=CC=CC=C2)=CC=C1,0.04,0.05066666666666668,0.21,0.02,0.04132661235679606,249,False,,"Fallback to genetic operations due to LLM error: Error code: 400 - {'error': {'message': ""Unsupported parameter: 'temperature' is not supported with this model."", 'type': 'invalid_request_error', 'param': 'temperature', 'code': 'unsupported_parameter'}}"
2,53,CC(=O)NC12C[C@H]3C[C@@H](C1)CC(C1=CC=C([N+](=O)[O-])C=C1)(C3)C2,0.04,0.05066666666666668,0.21,0.02,0.04132661235679606,249,False,,"Fallback to genetic operations due to LLM error: Error code: 400 - {'error': {'message': ""Unsupported parameter: 'temperature' is not supported with this model."", 'type': 'invalid_request_error', 'param': 'temperature', 'code': 'unsupported_parameter'}}"
2,54,COC1=NC=CC(C2=NOC(C3C=C(C)O[C@H](C)C3)=N2)=C1,0.04,0.05066666666666668,0.21,0.02,0.04132661235679606,249,False,,"Fallback to genetic operations due to LLM error: Error code: 400 - {'error': {'message': ""Unsupported parameter: 'temperature' is not supported with this model."", 'type': 'invalid_request_error', 'param': 'temperature', 'code': 'unsupported_parameter'}}"
2,55,CC1=CC=CC=C1N[C@H]1CCN(C2=CC=C(Cl)C(F)=C2)C1=O,0.04,0.05066666666666668,0.21,0.02,0.04132661235679606,249,False,,"Fallback to genetic operations due to LLM error: Error code: 400 - {'error': {'message': ""Unsupported parameter: 'temperature' is not supported with this model."", 'type': 'invalid_request_error', 'param': 'temperature', 'code': 'unsupported_parameter'}}"
2,56,CC(C)C[C@H]1C[NH2+]CC[C@@H]1C1=C([C@H](NC(=O)C2=CC=C3N=CC=NC3=C2)C2CCOCC2)CC2=C1OC(C)(C)C2,0.04,0.05066666666666668,0.21,0.02,0.04132661235679606,249,False,,"Fallback to genetic operations due to LLM error: Error code: 400 - {'error': {'message': ""Unsupported parameter: 'temperature' is not supported with this model."", 'type': 'invalid_request_error', 'param': 'temperature', 'code': 'unsupported_parameter'}}"
2,57,CC1=CC=CC=C1C(=O)C12C[C@H]3C[C@@H](C1)CC(C1=CC=C([N+](=O)[O-])C=C1)(C3)C2,0.04,0.05066666666666668,0.21,0.02,0.04132661235679606,249,False,,"Fallback to genetic operations due to LLM error: Error code: 400 - {'error': {'message': ""Unsupported parameter: 'temperature' is not supported with this model."", 'type': 'invalid_request_error', 'param': 'temperature', 'code': 'unsupported_parameter'}}"
2,58,CC1=CC=CC=C1C(=O)NNC(=O)C[NH+]1CCCN(CC2=CC=CC(Cl)=C2)S1(=O)=O,0.04,0.05066666666666668,0.21,0.02,0.04132661235679606,249,False,,"Fallback to genetic operations due to LLM error: Error code: 400 - {'error': {'message': ""Unsupported parameter: 'temperature' is not supported with this model."", 'type': 'invalid_request_error', 'param': 'temperature', 'code': 'unsupported_parameter'}}"
2,59,CS[C@@H](C)C1=CC(NC(=O)C2=CN(C[C@H](C[NH3+])CO)N=C2C2=CC2=O)=CC=C1,0.04,0.05066666666666668,0.21,0.02,0.04132661235679606,249,False,,"Fallback to genetic operations due to LLM error: Error code: 400 - {'error': {'message': ""Unsupported parameter: 'temperature' is not supported with this model."", 'type': 'invalid_request_error', 'param': 'temperature', 'code': 'unsupported_parameter'}}"
2,60,O=[N+]([O-])NC1=CC=C(C2=NN=C3CCCCCN32)C=C1,0.04,0.05066666666666668,0.21,0.02,0.04132661235679606,249,False,,"Fallback to genetic operations due to LLM error: Error code: 400 - {'error': {'message': ""Unsupported parameter: 'temperature' is not supported with this model."", 'type': 'invalid_request_error', 'param': 'temperature', 'code': 'unsupported_parameter'}}"
2,61,COC1=CC2=C(C=C1)OC[C@H](C(=O)NCCC1=CSC(NC(=O)[C@@H](C)OC3=CC(C)=CC=C3Cl)=N1)C2,0.04,0.05066666666666668,0.21,0.02,0.04132661235679606,249,False,,"Fallback to genetic operations due to LLM error: Error code: 400 - {'error': {'message': ""Unsupported parameter: 'temperature' is not supported with this model."", 'type': 'invalid_request_error', 'param': 'temperature', 'code': 'unsupported_parameter'}}"
2,62,CC1=CN=C(C[NH+](C)CCCC2=NNC(C3=C(F)C=CC=C3)=C2)O1,0.04,0.05066666666666668,0.21,0.02,0.04132661235679606,249,False,,"Fallback to genetic operations due to LLM error: Error code: 400 - {'error': {'message': ""Unsupported parameter: 'temperature' is not supported with this model."", 'type': 'invalid_request_error', 'param': 'temperature', 'code': 'unsupported_parameter'}}"
2,63,C=C(C)CN(C)C(=O)CC1=NC(N2CCC(C(=O)NCC(C)(C)CO)CC2)=NC2=CC=C(C)C=C21,0.04,0.05066666666666668,0.21,0.02,0.04132661235679606,249,False,,"Fallback to genetic operations due to LLM error: Error code: 400 - {'error': {'message': ""Unsupported parameter: 'temperature' is not supported with this model."", 'type': 'invalid_request_error', 'param': 'temperature', 'code': 'unsupported_parameter'}}"
2,64,O=[N+]([O-])C1=C(F)C=CC=C1Cl,0.04,0.05066666666666668,0.21,0.02,0.04132661235679606,249,False,,"Fallback to genetic operations due to LLM error: Error code: 400 - {'error': {'message': ""Unsupported parameter: 'temperature' is not supported with this model."", 'type': 'invalid_request_error', 'param': 'temperature', 'code': 'unsupported_parameter'}}"
2,65,CC(=O)NC1=CC=C(N[C@H]2CC(=O)N(CC(F)(F)F)C2)C(C2=CC(C)=C(Br)C=N2)=C1,0.04,0.05066666666666668,0.21,0.02,0.04132661235679606,249,False,,"Fallback to genetic operations due to LLM error: Error code: 400 - {'error': {'message': ""Unsupported parameter: 'temperature' is not supported with this model."", 'type': 'invalid_request_error', 'param': 'temperature', 'code': 'unsupported_parameter'}}"
2,66,C[C@H]([NH2+][C@H]1CCOC1)C1=CC=NC(Cl)=C1,0.03,0.05066666666666668,0.21,0.02,0.04132661235679606,249,False,,
2,67,COC1=CC(C2=NOC(C3C[C@@H](C)O[C@@H](C)C3)=N2)=CC=N1,0.03,0.05066666666666668,0.21,0.02,0.04132661235679606,249,False,,
2,68,COc1cc(C)c(CN2CCN(C(=O)c3ccc(N4CCCCC4)c([N+](=O)[O-])c3)CC2)cc1OC,0.03,0.05066666666666668,0.21,0.02,0.04132661235679606,249,False,,
2,69,CC1=CC=C2N=C(N3CCC(C(=O)NCC(C)(C)CO)CC3)N=C(C)C2=C1,0.03,0.05066666666666668,0.21,0.02,0.04132661235679606,249,False,,
2,70,C[C@@H]1COCCN1CC1=CC=C(C(=O)NN)C=N1,0.03,0.05066666666666668,0.21,0.02,0.04132661235679606,249,False,,
2,71,[NH3+]C[C@H](CO)CC1=CC(F)=CC(Br)=C1,0.03,0.05066666666666668,0.21,0.02,0.04132661235679606,249,False,,
2,72,C[C@@H](CO)CSC[C@@H]([NH3+])C1=CC=C2OCCCOC2=C1,0.03,0.05066666666666668,0.21,0.02,0.04132661235679606,249,False,,
2,73,CC1=CC=C(C2=NC=CO2)C=C1NC(=O)C1=NC(Cl)=CC=C1Cl,0.03,0.05066666666666668,0.21,0.02,0.04132661235679606,249,False,,
2,74,O=C(NC1=CC=C2OCCC2=C1)N1CCC[C@H]1C1=NC2=CC=CC=C2N1,0.03,0.05066666666666668,0.21,0.02,0.04132661235679606,249,False,,
2,75,N#CCC1=CC=C2NC=CC2=N1,0.03,0.05066666666666668,0.21,0.02,0.04132661235679606,249,False,,
2,76,C=C(C)CN(C)C(=O)CN1CC2=C(C1=O)[C@@H](C1=CC=C(Cl)C=C1C(=O)NC1=CC=CC([C@H](C)SC)=C1)NC(=O)N2CC,0.03,0.05066666666666668,0.21,0.02,0.04132661235679606,249,False,,"Fallback to genetic operations due to LLM error: Error code: 400 - {'error': {'message': ""Unsupported parameter: 'temperature' is not supported with this model."", 'type': 'invalid_request_error', 'param': 'temperature', 'code': 'unsupported_parameter'}}"
2,77,C=C(C)CN(C)C(=O)CN1CC2=C(C1=O)[C@@H](C1=COCC1)NC(=O)N2CC,0.03,0.05066666666666668,0.21,0.02,0.04132661235679606,249,False,,"Fallback to genetic operations due to LLM error: Error code: 400 - {'error': {'message': ""Unsupported parameter: 'temperature' is not supported with this model."", 'type': 'invalid_request_error', 'param': 'temperature', 'code': 'unsupported_parameter'}}"
2,78,CC1=CC=C(C2=CC(CCC[NH+](C)CC3=NC=C(C)O3)=NN2)C=C1,0.03,0.05066666666666668,0.21,0.02,0.04132661235679606,249,False,,"Fallback to genetic operations due to LLM error: Error code: 400 - {'error': {'message': ""Unsupported parameter: 'temperature' is not supported with this model."", 'type': 'invalid_request_error', 'param': 'temperature', 'code': 'unsupported_parameter'}}"
2,79,O=C(N1CCOCC1)C12C[C@H]3C[C@@H](C1)CC(C1=CC(Cl)=NC=C1)(C3)C2,0.03,0.05066666666666668,0.21,0.02,0.04132661235679606,249,False,,"Fallback to genetic operations due to LLM error: Error code: 400 - {'error': {'message': ""Unsupported parameter: 'temperature' is not supported with this model."", 'type': 'invalid_request_error', 'param': 'temperature', 'code': 'unsupported_parameter'}}"
2,80,CC1=NC(N2CCC(C(=O)NCC(C)(C)CO)CC2)=NC2=C1C=C(Cl)C=C2,0.03,0.05066666666666668,0.21,0.02,0.04132661235679606,249,False,,"Fallback to genetic operations due to LLM error: Error code: 400 - {'error': {'message': ""Unsupported parameter: 'temperature' is not supported with this model."", 'type': 'invalid_request_error', 'param': 'temperature', 'code': 'unsupported_parameter'}}"
2,81,CC1=CC=C(C2=NC=CO2)C=C1NC(=O)C1=NC(Cl)=CC=C1[NH2+][C@@H](C)C1=CC=NC(Cl)=C1,0.03,0.05066666666666668,0.21,0.02,0.04132661235679606,249,False,,"Fallback to genetic operations due to LLM error: Error code: 400 - {'error': {'message': ""Unsupported parameter: 'temperature' is not supported with this model."", 'type': 'invalid_request_error', 'param': 'temperature', 'code': 'unsupported_parameter'}}"
2,82,O=[N+]([O-])C1OC=CN=C1NC1C=CC=C1,0.03,0.05066666666666668,0.21,0.02,0.04132661235679606,249,False,,"Fallback to genetic operations due to LLM error: Error code: 400 - {'error': {'message': ""Unsupported parameter: 'temperature' is not supported with this model."", 'type': 'invalid_request_error', 'param': 'temperature', 'code': 'unsupported_parameter'}}"
2,83,[NH3+]C[C@H](CO)CN1C=C(C(=O)NC2=CC=CC2)C(C2=CC=CC=C2)=N1,0.03,0.05066666666666668,0.21,0.02,0.04132661235679606,249,False,,"Fallback to genetic operations due to LLM error: Error code: 400 - {'error': {'message': ""Unsupported parameter: 'temperature' is not supported with this model."", 'type': 'invalid_request_error', 'param': 'temperature', 'code': 'unsupported_parameter'}}"
2,84,COC1=CC2=C(C=C1)OC[C@H](C(=O)NC1=CC=C(N[C@H](C)C(=O)NC3=CC=C4OCOC4=C3)C=C1)C2,0.03,0.05066666666666668,0.21,0.02,0.04132661235679606,249,False,,"Fallback to genetic operations due to LLM error: Error code: 400 - {'error': {'message': ""Unsupported parameter: 'temperature' is not supported with this model."", 'type': 'invalid_request_error', 'param': 'temperature', 'code': 'unsupported_parameter'}}"
2,85,O=[N+]([O-])C1OC=CN=C1N[C@H]1C=CCN(CC(F)(F)F)C1,0.03,0.05066666666666668,0.21,0.02,0.04132661235679606,249,False,,"Fallback to genetic operations due to LLM error: Error code: 400 - {'error': {'message': ""Unsupported parameter: 'temperature' is not supported with this model."", 'type': 'invalid_request_error', 'param': 'temperature', 'code': 'unsupported_parameter'}}"
2,86,C[C@@H](CO)CSC[C@@H]([NH3+])C1=C[NH+](CC2=CC=CN=C2)CC1,0.03,0.05066666666666668,0.21,0.02,0.04132661235679606,249,False,,"Fallback to genetic operations due to LLM error: Error code: 400 - {'error': {'message': ""Unsupported parameter: 'temperature' is not supported with this model."", 'type': 'invalid_request_error', 'param': 'temperature', 'code': 'unsupported_parameter'}}"
2,87,COC1=C(OC)C=C([N+](=O)[O-])C(C(=O)NCO)=C1,0.03,0.05066666666666668,0.21,0.02,0.04132661235679606,249,False,,"Fallback to genetic operations due to LLM error: Error code: 400 - {'error': {'message': ""Unsupported parameter: 'temperature' is not supported with this model."", 'type': 'invalid_request_error', 'param': 'temperature', 'code': 'unsupported_parameter'}}"
2,88,COC1=C(C(=O)NC[C@@H](O)C(C)(C)C)SC(C2=CNC=C2)=C1,0.03,0.05066666666666668,0.21,0.02,0.04132661235679606,249,False,,"Fallback to genetic operations due to LLM error: Error code: 400 - {'error': {'message': ""Unsupported parameter: 'temperature' is not supported with this model."", 'type': 'invalid_request_error', 'param': 'temperature', 'code': 'unsupported_parameter'}}"
2,89,CCCCO[C@@H]1C[C@H](NC(=O)c2occc2Br)C1(C)C,0.02,0.05066666666666668,0.21,0.02,0.04132661235679606,249,False,,
2,90,NC(=O)C1=CC=CC(CNC(=O)CSC2=NC3=CC=CC=C3O2)=C1,0.02,0.05066666666666668,0.21,0.02,0.04132661235679606,249,False,,
2,91,CCC[C@@H](C(=O)N1CCN(CC(=O)Nc2c(C)cccc2C)CC1)c1ccccc1,0.02,0.05066666666666668,0.21,0.02,0.04132661235679606,249,False,,
2,92,COC1=CC=C([C@H](NC(=O)C2=CC=C3N=CC=NC3=C2)C2CCOCC2)C=C1,0.02,0.05066666666666668,0.21,0.02,0.04132661235679606,249,False,,"Fallback to genetic operations due to LLM error: Error code: 400 - {'error': {'message': ""Unsupported parameter: 'temperature' is not supported with this model."", 'type': 'invalid_request_error', 'param': 'temperature', 'code': 'unsupported_parameter'}}"
2,93,COC1=C(C(=O)NC[C@@H](O)C(C)(C)C)SC(C2=CC=CC=C2)=C1,0.02,0.05066666666666668,0.21,0.02,0.04132661235679606,249,False,,
2,94,CC1=NN(C)C=C1CN1C[C@H](CO)OC[C@@H]1C,0.02,0.05066666666666668,0.21,0.02,0.04132661235679606,249,False,,
2,95,CC1=CC(NC(=O)NC2=CC=CC(Cl)=C2)=NC=C1Br,0.02,0.05066666666666668,0.21,0.02,0.04132661235679606,249,False,,
2,96,CCSC[C@@H](C)N(C)C(=O)NCC1=CC=C(C)C=C1N(C)C,0.02,0.05066666666666668,0.21,0.02,0.04132661235679606,249,False,,
2,97,C=C(C)CN(C)C(=O)CN1CC2=C(C1=O)[C@@H](C1=CC=C(Cl)C=C1Cl)NC(=O)N2CC,0.02,0.05066666666666668,0.21,0.02,0.04132661235679606,249,False,,
2,98,COC1=CC=C2OC[C@H](C(=O)NC3=CC=C(C(C)=O)C(C)=C3)CC2=C1,0.02,0.05066666666666668,0.21,0.02,0.04132661235679606,249,False,,
2,99,CC1=[NH+]C=CN1CC1=NN=C([C@@H]2CCC[NH+](CC3=CC=CN=C3)C2)N1C,0.02,0.05066666666666668,0.21,0.02,0.04132661235679606,249,False,,
2,100,COC1=CC=C([C@@H]2CC(=O)C3=C(C2)N[C@@H]2N=NC(O)=C2[C@H]3C2=CC=C(Cl)C(Cl)=C2)C=C1OC,0.02,0.05066666666666668,0.21,0.02,0.04132661235679606,249,False,,
2,101,C[C@H]1Cc2cc([C@@H](Cl)C3(C)CCCC3)ccc2O1,0.02,0.05066666666666668,0.21,0.02,0.04132661235679606,249,False,,
2,102,C[NH+]1CCC(NC(=O)Nc2ncc(Cc3cccc(Cl)c3)s2)CC1,0.02,0.05066666666666668,0.21,0.02,0.04132661235679606,249,False,,
2,103,O=C(NCC1CCN(C(=O)C2=CC=CC=N2)CC1)C(=O)NC1CCCC1,0.02,0.05066666666666668,0.21,0.02,0.04132661235679606,249,False,,
2,104,C[C@H](CC1=CSC=C1)[NH+](C)CC1=CN=C(N2CC[NH+](C)CC2)N=C1,0.02,0.05066666666666668,0.21,0.02,0.04132661235679606,249,False,,
2,105,COC1=CC=C(NC(=O)C[NH+]2CCCN(CC3=CC=CC(Cl)=C3)S2(=O)=O)C=C1,0.02,0.05066666666666668,0.21,0.02,0.04132661235679606,249,False,,
2,106,CC1=CC=C([C@H](C)NC(=O)N[C@H]2C=C(C)N(C3CC3)C2)C=C1[N+](=O)[O-],0.02,0.05066666666666668,0.21,0.02,0.04132661235679606,249,False,,"Fallback to genetic operations due to LLM error: Error code: 400 - {'error': {'message': ""Unsupported parameter: 'temperature' is not supported with this model."", 'type': 'invalid_request_error', 'param': 'temperature', 'code': 'unsupported_parameter'}}"
2,107,[O-]C1=CC=NC(Cl)=C1,0.02,0.05066666666666668,0.21,0.02,0.04132661235679606,249,False,,"Fallback to genetic operations due to LLM error: Error code: 400 - {'error': {'message': ""Unsupported parameter: 'temperature' is not supported with this model."", 'type': 'invalid_request_error', 'param': 'temperature', 'code': 'unsupported_parameter'}}"
2,108,CC1=NON=C1CC(=O)N1CCC[C@H](C(=O)[C@@H]2CC(=O)C3=C(C2)N[C@@H]2N=NC(O)=C2[C@H]3C2=CC=C(Cl)C(Cl)=C2)C1,0.02,0.05066666666666668,0.21,0.02,0.04132661235679606,249,False,,"Fallback to genetic operations due to LLM error: Error code: 400 - {'error': {'message': ""Unsupported parameter: 'temperature' is not supported with this model."", 'type': 'invalid_request_error', 'param': 'temperature', 'code': 'unsupported_parameter'}}"
2,109,CCN1C(=O)N[C@H](C2=CC=C(Cl)C=C2Cl)C2=C1C=NN(C)C2=O,0.02,0.05066666666666668,0.21,0.02,0.04132661235679606,249,False,,"Fallback to genetic operations due to LLM error: Error code: 400 - {'error': {'message': ""Unsupported parameter: 'temperature' is not supported with this model."", 'type': 'invalid_request_error', 'param': 'temperature', 'code': 'unsupported_parameter'}}"
2,110,CCSC[C@@H](C)N(C)C(=O)NCC1=CC=C(NC(=O)C2=CC=CC=C2C)C1N(C)C,0.02,0.05066666666666668,0.21,0.02,0.04132661235679606,249,False,,"Fallback to genetic operations due to LLM error: Error code: 400 - {'error': {'message': ""Unsupported parameter: 'temperature' is not supported with this model."", 'type': 'invalid_request_error', 'param': 'temperature', 'code': 'unsupported_parameter'}}"
2,111,COC1=CC=C(CC(=O)C2=CC=C(CN3C=C(Cl)C([N+](=O)[O-])=N3)C=C2)C=N1,0.02,0.05066666666666668,0.21,0.02,0.04132661235679606,249,False,,"Fallback to genetic operations due to LLM error: Error code: 400 - {'error': {'message': ""Unsupported parameter: 'temperature' is not supported with this model."", 'type': 'invalid_request_error', 'param': 'temperature', 'code': 'unsupported_parameter'}}"
2,112,C1=CN=C[NH2+]C1,0.02,0.05066666666666668,0.21,0.02,0.04132661235679606,249,False,,"Fallback to genetic operations due to LLM error: Error code: 400 - {'error': {'message': ""Unsupported parameter: 'temperature' is not supported with this model."", 'type': 'invalid_request_error', 'param': 'temperature', 'code': 'unsupported_parameter'}}"
2,113,COC1=NC=CC(C=CF)=C1,0.02,0.05066666666666668,0.21,0.02,0.04132661235679606,249,False,,"Fallback to genetic operations due to LLM error: Error code: 400 - {'error': {'message': ""Unsupported parameter: 'temperature' is not supported with this model."", 'type': 'invalid_request_error', 'param': 'temperature', 'code': 'unsupported_parameter'}}"
2,114,COC1=C(C(=O)NC[C@@H](O)C(C)(C)C)SC(C2=C([NH+]3CCCCC3)CC=C2)=C1,0.02,0.05066666666666668,0.21,0.02,0.04132661235679606,249,False,,"Fallback to genetic operations due to LLM error: Error code: 400 - {'error': {'message': ""Unsupported parameter: 'temperature' is not supported with this model."", 'type': 'invalid_request_error', 'param': 'temperature', 'code': 'unsupported_parameter'}}"
2,115,COC1=C[C@H](CO)OC1,0.02,0.05066666666666668,0.21,0.02,0.04132661235679606,249,False,,"Fallback to genetic operations due to LLM error: Error code: 400 - {'error': {'message': ""Unsupported parameter: 'temperature' is not supported with this model."", 'type': 'invalid_request_error', 'param': 'temperature', 'code': 'unsupported_parameter'}}"
2,116,CC(C)C[C@H]1C[NH2+]CC[C@@H]1N[C@H]1CCN(C2=CC=C(Cl)C(F)=C2)C1=O,0.02,0.05066666666666668,0.21,0.02,0.04132661235679606,249,False,,"Fallback to genetic operations due to LLM error: Error code: 400 - {'error': {'message': ""Unsupported parameter: 'temperature' is not supported with this model."", 'type': 'invalid_request_error', 'param': 'temperature', 'code': 'unsupported_parameter'}}"
2,117,CC1=CC=CC=C1C(=O)NC1=CCC(C2=NN(C(C)C)C=C2)=C1N(C)C,0.02,0.05066666666666668,0.21,0.02,0.04132661235679606,249,False,,"Fallback to genetic operations due to LLM error: Error code: 400 - {'error': {'message': ""Unsupported parameter: 'temperature' is not supported with this model."", 'type': 'invalid_request_error', 'param': 'temperature', 'code': 'unsupported_parameter'}}"
2,118,CCSC[C@@H](C)N(C)C(=O)NCC1=CC=C(NC(=O)C2=CC=CC=C2C)C1CC(C)(C)CO,0.02,0.05066666666666668,0.21,0.02,0.04132661235679606,249,False,,"Fallback to genetic operations due to LLM error: Error code: 400 - {'error': {'message': ""Unsupported parameter: 'temperature' is not supported with this model."", 'type': 'invalid_request_error', 'param': 'temperature', 'code': 'unsupported_parameter'}}"
2,119,CONC1=CCC([N+](=O)[O-])=C1,0.02,0.05066666666666668,0.21,0.02,0.04132661235679606,249,False,,"Fallback to genetic operations due to LLM error: Error code: 400 - {'error': {'message': ""Unsupported parameter: 'temperature' is not supported with this model."", 'type': 'invalid_request_error', 'param': 'temperature', 'code': 'unsupported_parameter'}}"
2,120,COC1C=C(C2=NOC(C3=CCO[C@H](C)C3)=N2)C=CC1,0.02,0.05066666666666668,0.21,0.02,0.04132661235679606,249,False,,"Fallback to genetic operations due to LLM error: Error code: 400 - {'error': {'message': ""Unsupported parameter: 'temperature' is not supported with this model."", 'type': 'invalid_request_error', 'param': 'temperature', 'code': 'unsupported_parameter'}}"
